sample_id,measurement,workload,cell_id,runtime,vm,variant,tier,aggregate,lifecycle,phase,round,position,work,elapsed_ns,max_rss_bytes,exit_code,correctness,benchmark_metric,benchmark_unit
timing-Mandelbrot-NR26-panel-nr26-panel-baseline-mandelbrot-rxvm-recorded-1,timing,Mandelbrot-NR26-panel,nr26-panel-baseline-mandelbrot-rxvm,crexx,rxvm,baseline-accepted-nr14,A,no,no,recorded,1,1,500,169992000,,0,pass,,
timing-Mandelbrot-NR26-panel-nr26-panel-candidate-mandelbrot-rxvm-recorded-1,timing,Mandelbrot-NR26-panel,nr26-panel-candidate-mandelbrot-rxvm,crexx,rxvm,candidate-nr26-panel,A,no,no,recorded,1,2,500,167259000,,0,pass,,
timing-Mandelbrot-NR26-panel-nr26-panel-baseline-mandelbrot-rxbvm-recorded-1,timing,Mandelbrot-NR26-panel,nr26-panel-baseline-mandelbrot-rxbvm,crexx,rxbvm,baseline-accepted-nr14,A,no,no,recorded,1,3,500,154357000,,0,pass,,
timing-Mandelbrot-NR26-panel-nr26-panel-candidate-mandelbrot-rxbvm-recorded-1,timing,Mandelbrot-NR26-panel,nr26-panel-candidate-mandelbrot-rxbvm,crexx,rxbvm,candidate-nr26-panel,A,no,no,recorded,1,4,500,148303000,,0,pass,,
timing-Mandelbrot-NR26-panel-nr26-panel-candidate-mandelbrot-rxvm-recorded-2,timing,Mandelbrot-NR26-panel,nr26-panel-candidate-mandelbrot-rxvm,crexx,rxvm,candidate-nr26-panel,A,no,no,recorded,2,1,500,182777000,,0,pass,,
timing-Mandelbrot-NR26-panel-nr26-panel-baseline-mandelbrot-rxbvm-recorded-2,timing,Mandelbrot-NR26-panel,nr26-panel-baseline-mandelbrot-rxbvm,crexx,rxbvm,baseline-accepted-nr14,A,no,no,recorded,2,2,500,145032000,,0,pass,,
timing-Mandelbrot-NR26-panel-nr26-panel-candidate-mandelbrot-rxbvm-recorded-2,timing,Mandelbrot-NR26-panel,nr26-panel-candidate-mandelbrot-rxbvm,crexx,rxbvm,candidate-nr26-panel,A,no,no,recorded,2,3,500,147341000,,0,pass,,
timing-Mandelbrot-NR26-panel-nr26-panel-baseline-mandelbrot-rxvm-recorded-2,timing,Mandelbrot-NR26-panel,nr26-panel-baseline-mandelbrot-rxvm,crexx,rxvm,baseline-accepted-nr14,A,no,no,recorded,2,4,500,166641000,,0,pass,,
timing-Mandelbrot-NR26-panel-nr26-panel-baseline-mandelbrot-rxbvm-recorded-3,timing,Mandelbrot-NR26-panel,nr26-panel-baseline-mandelbrot-rxbvm,crexx,rxbvm,baseline-accepted-nr14,A,no,no,recorded,3,1,500,147042000,,0,pass,,
timing-Mandelbrot-NR26-panel-nr26-panel-candidate-mandelbrot-rxbvm-recorded-3,timing,Mandelbrot-NR26-panel,nr26-panel-candidate-mandelbrot-rxbvm,crexx,rxbvm,candidate-nr26-panel,A,no,no,recorded,3,2,500,148403000,,0,pass,,
timing-Mandelbrot-NR26-panel-nr26-panel-baseline-mandelbrot-rxvm-recorded-3,timing,Mandelbrot-NR26-panel,nr26-panel-baseline-mandelbrot-rxvm,crexx,rxvm,baseline-accepted-nr14,A,no,no,recorded,3,3,500,167778000,,0,pass,,
timing-Mandelbrot-NR26-panel-nr26-panel-candidate-mandelbrot-rxvm-recorded-3,timing,Mandelbrot-NR26-panel,nr26-panel-candidate-mandelbrot-rxvm,crexx,rxvm,candidate-nr26-panel,A,no,no,recorded,3,4,500,167982000,,0,pass,,
timing-Mandelbrot-NR26-panel-nr26-panel-candidate-mandelbrot-rxbvm-recorded-4,timing,Mandelbrot-NR26-panel,nr26-panel-candidate-mandelbrot-rxbvm,crexx,rxbvm,candidate-nr26-panel,A,no,no,recorded,4,1,500,142621000,,0,pass,,
timing-Mandelbrot-NR26-panel-nr26-panel-baseline-mandelbrot-rxvm-recorded-4,timing,Mandelbrot-NR26-panel,nr26-panel-baseline-mandelbrot-rxvm,crexx,rxvm,baseline-accepted-nr14,A,no,no,recorded,4,2,500,167360000,,0,pass,,
timing-Mandelbrot-NR26-panel-nr26-panel-candidate-mandelbrot-rxvm-recorded-4,timing,Mandelbrot-NR26-panel,nr26-panel-candidate-mandelbrot-rxvm,crexx,rxvm,candidate-nr26-panel,A,no,no,recorded,4,3,500,166282000,,0,pass,,
timing-Mandelbrot-NR26-panel-nr26-panel-baseline-mandelbrot-rxbvm-recorded-4,timing,Mandelbrot-NR26-panel,nr26-panel-baseline-mandelbrot-rxbvm,crexx,rxbvm,baseline-accepted-nr14,A,no,no,recorded,4,4,500,146752000,,0,pass,,
timing-Mandelbrot-NR26-panel-nr26-panel-baseline-mandelbrot-rxvm-recorded-5,timing,Mandelbrot-NR26-panel,nr26-panel-baseline-mandelbrot-rxvm,crexx,rxvm,baseline-accepted-nr14,A,no,no,recorded,5,1,500,168167000,,0,pass,,
timing-Mandelbrot-NR26-panel-nr26-panel-candidate-mandelbrot-rxvm-recorded-5,timing,Mandelbrot-NR26-panel,nr26-panel-candidate-mandelbrot-rxvm,crexx,rxvm,candidate-nr26-panel,A,no,no,recorded,5,2,500,167059000,,0,pass,,
timing-Mandelbrot-NR26-panel-nr26-panel-baseline-mandelbrot-rxbvm-recorded-5,timing,Mandelbrot-NR26-panel,nr26-panel-baseline-mandelbrot-rxbvm,crexx,rxbvm,baseline-accepted-nr14,A,no,no,recorded,5,3,500,146672000,,0,pass,,
timing-Mandelbrot-NR26-panel-nr26-panel-candidate-mandelbrot-rxbvm-recorded-5,timing,Mandelbrot-NR26-panel,nr26-panel-candidate-mandelbrot-rxbvm,crexx,rxbvm,candidate-nr26-panel,A,no,no,recorded,5,4,500,144716000,,0,pass,,
timing-Mandelbrot-NR26-panel-nr26-panel-candidate-mandelbrot-rxvm-recorded-6,timing,Mandelbrot-NR26-panel,nr26-panel-candidate-mandelbrot-rxvm,crexx,rxvm,candidate-nr26-panel,A,no,no,recorded,6,1,500,166331000,,0,pass,,
timing-Mandelbrot-NR26-panel-nr26-panel-baseline-mandelbrot-rxbvm-recorded-6,timing,Mandelbrot-NR26-panel,nr26-panel-baseline-mandelbrot-rxbvm,crexx,rxbvm,baseline-accepted-nr14,A,no,no,recorded,6,2,500,144331000,,0,pass,,
timing-Mandelbrot-NR26-panel-nr26-panel-candidate-mandelbrot-rxbvm-recorded-6,timing,Mandelbrot-NR26-panel,nr26-panel-candidate-mandelbrot-rxbvm,crexx,rxbvm,candidate-nr26-panel,A,no,no,recorded,6,3,500,144645000,,0,pass,,
timing-Mandelbrot-NR26-panel-nr26-panel-baseline-mandelbrot-rxvm-recorded-6,timing,Mandelbrot-NR26-panel,nr26-panel-baseline-mandelbrot-rxvm,crexx,rxvm,baseline-accepted-nr14,A,no,no,recorded,6,4,500,167901000,,0,pass,,
timing-Mandelbrot-NR26-panel-nr26-panel-baseline-mandelbrot-rxbvm-recorded-7,timing,Mandelbrot-NR26-panel,nr26-panel-baseline-mandelbrot-rxbvm,crexx,rxbvm,baseline-accepted-nr14,A,no,no,recorded,7,1,500,144576000,,0,pass,,
timing-Mandelbrot-NR26-panel-nr26-panel-candidate-mandelbrot-rxbvm-recorded-7,timing,Mandelbrot-NR26-panel,nr26-panel-candidate-mandelbrot-rxbvm,crexx,rxbvm,candidate-nr26-panel,A,no,no,recorded,7,2,500,147215000,,0,pass,,
timing-Mandelbrot-NR26-panel-nr26-panel-baseline-mandelbrot-rxvm-recorded-7,timing,Mandelbrot-NR26-panel,nr26-panel-baseline-mandelbrot-rxvm,crexx,rxvm,baseline-accepted-nr14,A,no,no,recorded,7,3,500,174127000,,0,pass,,
timing-Mandelbrot-NR26-panel-nr26-panel-candidate-mandelbrot-rxvm-recorded-7,timing,Mandelbrot-NR26-panel,nr26-panel-candidate-mandelbrot-rxvm,crexx,rxvm,candidate-nr26-panel,A,no,no,recorded,7,4,500,169234000,,0,pass,,
timing-Mandelbrot-NR26-panel-nr26-panel-candidate-mandelbrot-rxbvm-recorded-8,timing,Mandelbrot-NR26-panel,nr26-panel-candidate-mandelbrot-rxbvm,crexx,rxbvm,candidate-nr26-panel,A,no,no,recorded,8,1,500,155612000,,0,pass,,
timing-Mandelbrot-NR26-panel-nr26-panel-baseline-mandelbrot-rxvm-recorded-8,timing,Mandelbrot-NR26-panel,nr26-panel-baseline-mandelbrot-rxvm,crexx,rxvm,baseline-accepted-nr14,A,no,no,recorded,8,2,500,182693000,,0,pass,,
timing-Mandelbrot-NR26-panel-nr26-panel-candidate-mandelbrot-rxvm-recorded-8,timing,Mandelbrot-NR26-panel,nr26-panel-candidate-mandelbrot-rxvm,crexx,rxvm,candidate-nr26-panel,A,no,no,recorded,8,3,500,186314000,,0,pass,,
timing-Mandelbrot-NR26-panel-nr26-panel-baseline-mandelbrot-rxbvm-recorded-8,timing,Mandelbrot-NR26-panel,nr26-panel-baseline-mandelbrot-rxbvm,crexx,rxbvm,baseline-accepted-nr14,A,no,no,recorded,8,4,500,149151000,,0,pass,,
timing-Mandelbrot-NR26-panel-nr26-panel-baseline-mandelbrot-rxvm-recorded-9,timing,Mandelbrot-NR26-panel,nr26-panel-baseline-mandelbrot-rxvm,crexx,rxvm,baseline-accepted-nr14,A,no,no,recorded,9,1,500,174968000,,0,pass,,
timing-Mandelbrot-NR26-panel-nr26-panel-candidate-mandelbrot-rxvm-recorded-9,timing,Mandelbrot-NR26-panel,nr26-panel-candidate-mandelbrot-rxvm,crexx,rxvm,candidate-nr26-panel,A,no,no,recorded,9,2,500,171192000,,0,pass,,
timing-Mandelbrot-NR26-panel-nr26-panel-baseline-mandelbrot-rxbvm-recorded-9,timing,Mandelbrot-NR26-panel,nr26-panel-baseline-mandelbrot-rxbvm,crexx,rxbvm,baseline-accepted-nr14,A,no,no,recorded,9,3,500,151052000,,0,pass,,
timing-Mandelbrot-NR26-panel-nr26-panel-candidate-mandelbrot-rxbvm-recorded-9,timing,Mandelbrot-NR26-panel,nr26-panel-candidate-mandelbrot-rxbvm,crexx,rxbvm,candidate-nr26-panel,A,no,no,recorded,9,4,500,148695000,,0,pass,,
timing-Mandelbrot-NR26-panel-nr26-panel-candidate-mandelbrot-rxvm-recorded-10,timing,Mandelbrot-NR26-panel,nr26-panel-candidate-mandelbrot-rxvm,crexx,rxvm,candidate-nr26-panel,A,no,no,recorded,10,1,500,169585000,,0,pass,,
timing-Mandelbrot-NR26-panel-nr26-panel-baseline-mandelbrot-rxbvm-recorded-10,timing,Mandelbrot-NR26-panel,nr26-panel-baseline-mandelbrot-rxbvm,crexx,rxbvm,baseline-accepted-nr14,A,no,no,recorded,10,2,500,148841000,,0,pass,,
timing-Mandelbrot-NR26-panel-nr26-panel-candidate-mandelbrot-rxbvm-recorded-10,timing,Mandelbrot-NR26-panel,nr26-panel-candidate-mandelbrot-rxbvm,crexx,rxbvm,candidate-nr26-panel,A,no,no,recorded,10,3,500,147267000,,0,pass,,
timing-Mandelbrot-NR26-panel-nr26-panel-baseline-mandelbrot-rxvm-recorded-10,timing,Mandelbrot-NR26-panel,nr26-panel-baseline-mandelbrot-rxvm,crexx,rxvm,baseline-accepted-nr14,A,no,no,recorded,10,4,500,170228000,,0,pass,,
timing-Mandelbrot-NR26-panel-nr26-panel-baseline-mandelbrot-rxbvm-recorded-11,timing,Mandelbrot-NR26-panel,nr26-panel-baseline-mandelbrot-rxbvm,crexx,rxbvm,baseline-accepted-nr14,A,no,no,recorded,11,1,500,149431000,,0,pass,,
timing-Mandelbrot-NR26-panel-nr26-panel-candidate-mandelbrot-rxbvm-recorded-11,timing,Mandelbrot-NR26-panel,nr26-panel-candidate-mandelbrot-rxbvm,crexx,rxbvm,candidate-nr26-panel,A,no,no,recorded,11,2,500,147684000,,0,pass,,
timing-Mandelbrot-NR26-panel-nr26-panel-baseline-mandelbrot-rxvm-recorded-11,timing,Mandelbrot-NR26-panel,nr26-panel-baseline-mandelbrot-rxvm,crexx,rxvm,baseline-accepted-nr14,A,no,no,recorded,11,3,500,167994000,,0,pass,,
timing-Mandelbrot-NR26-panel-nr26-panel-candidate-mandelbrot-rxvm-recorded-11,timing,Mandelbrot-NR26-panel,nr26-panel-candidate-mandelbrot-rxvm,crexx,rxvm,candidate-nr26-panel,A,no,no,recorded,11,4,500,167410000,,0,pass,,
timing-Mandelbrot-NR26-panel-nr26-panel-candidate-mandelbrot-rxbvm-recorded-12,timing,Mandelbrot-NR26-panel,nr26-panel-candidate-mandelbrot-rxbvm,crexx,rxbvm,candidate-nr26-panel,A,no,no,recorded,12,1,500,147332000,,0,pass,,
timing-Mandelbrot-NR26-panel-nr26-panel-baseline-mandelbrot-rxvm-recorded-12,timing,Mandelbrot-NR26-panel,nr26-panel-baseline-mandelbrot-rxvm,crexx,rxvm,baseline-accepted-nr14,A,no,no,recorded,12,2,500,167870000,,0,pass,,
timing-Mandelbrot-NR26-panel-nr26-panel-candidate-mandelbrot-rxvm-recorded-12,timing,Mandelbrot-NR26-panel,nr26-panel-candidate-mandelbrot-rxvm,crexx,rxvm,candidate-nr26-panel,A,no,no,recorded,12,3,500,169381000,,0,pass,,
timing-Mandelbrot-NR26-panel-nr26-panel-baseline-mandelbrot-rxbvm-recorded-12,timing,Mandelbrot-NR26-panel,nr26-panel-baseline-mandelbrot-rxbvm,crexx,rxbvm,baseline-accepted-nr14,A,no,no,recorded,12,4,500,149390000,,0,pass,,
timing-Permute-NR26-panel-nr26-panel-baseline-permute-rxvm-recorded-1,timing,Permute-NR26-panel,nr26-panel-baseline-permute-rxvm,crexx,rxvm,baseline-accepted-nr14,A,no,no,recorded,1,1,50,77925000,,0,pass,,
timing-Permute-NR26-panel-nr26-panel-candidate-permute-rxvm-recorded-1,timing,Permute-NR26-panel,nr26-panel-candidate-permute-rxvm,crexx,rxvm,candidate-nr26-panel,A,no,no,recorded,1,2,50,78916000,,0,pass,,
timing-Permute-NR26-panel-nr26-panel-baseline-permute-rxbvm-recorded-1,timing,Permute-NR26-panel,nr26-panel-baseline-permute-rxbvm,crexx,rxbvm,baseline-accepted-nr14,A,no,no,recorded,1,3,50,83585000,,0,pass,,
timing-Permute-NR26-panel-nr26-panel-candidate-permute-rxbvm-recorded-1,timing,Permute-NR26-panel,nr26-panel-candidate-permute-rxbvm,crexx,rxbvm,candidate-nr26-panel,A,no,no,recorded,1,4,50,78837000,,0,pass,,
timing-Permute-NR26-panel-nr26-panel-candidate-permute-rxvm-recorded-2,timing,Permute-NR26-panel,nr26-panel-candidate-permute-rxvm,crexx,rxvm,candidate-nr26-panel,A,no,no,recorded,2,1,50,77409000,,0,pass,,
timing-Permute-NR26-panel-nr26-panel-baseline-permute-rxbvm-recorded-2,timing,Permute-NR26-panel,nr26-panel-baseline-permute-rxbvm,crexx,rxbvm,baseline-accepted-nr14,A,no,no,recorded,2,2,50,78822000,,0,pass,,
timing-Permute-NR26-panel-nr26-panel-candidate-permute-rxbvm-recorded-2,timing,Permute-NR26-panel,nr26-panel-candidate-permute-rxbvm,crexx,rxbvm,candidate-nr26-panel,A,no,no,recorded,2,3,50,78942000,,0,pass,,
timing-Permute-NR26-panel-nr26-panel-baseline-permute-rxvm-recorded-2,timing,Permute-NR26-panel,nr26-panel-baseline-permute-rxvm,crexx,rxvm,baseline-accepted-nr14,A,no,no,recorded,2,4,50,77855000,,0,pass,,
timing-Permute-NR26-panel-nr26-panel-baseline-permute-rxbvm-recorded-3,timing,Permute-NR26-panel,nr26-panel-baseline-permute-rxbvm,crexx,rxbvm,baseline-accepted-nr14,A,no,no,recorded,3,1,50,79381000,,0,pass,,
timing-Permute-NR26-panel-nr26-panel-candidate-permute-rxbvm-recorded-3,timing,Permute-NR26-panel,nr26-panel-candidate-permute-rxbvm,crexx,rxbvm,candidate-nr26-panel,A,no,no,recorded,3,2,50,79733000,,0,pass,,
timing-Permute-NR26-panel-nr26-panel-baseline-permute-rxvm-recorded-3,timing,Permute-NR26-panel,nr26-panel-baseline-permute-rxvm,crexx,rxvm,baseline-accepted-nr14,A,no,no,recorded,3,3,50,77359000,,0,pass,,
timing-Permute-NR26-panel-nr26-panel-candidate-permute-rxvm-recorded-3,timing,Permute-NR26-panel,nr26-panel-candidate-permute-rxvm,crexx,rxvm,candidate-nr26-panel,A,no,no,recorded,3,4,50,76720000,,0,pass,,
timing-Permute-NR26-panel-nr26-panel-candidate-permute-rxbvm-recorded-4,timing,Permute-NR26-panel,nr26-panel-candidate-permute-rxbvm,crexx,rxbvm,candidate-nr26-panel,A,no,no,recorded,4,1,50,78940000,,0,pass,,
timing-Permute-NR26-panel-nr26-panel-baseline-permute-rxvm-recorded-4,timing,Permute-NR26-panel,nr26-panel-baseline-permute-rxvm,crexx,rxvm,baseline-accepted-nr14,A,no,no,recorded,4,2,50,78020000,,0,pass,,
timing-Permute-NR26-panel-nr26-panel-candidate-permute-rxvm-recorded-4,timing,Permute-NR26-panel,nr26-panel-candidate-permute-rxvm,crexx,rxvm,candidate-nr26-panel,A,no,no,recorded,4,3,50,81262000,,0,pass,,
timing-Permute-NR26-panel-nr26-panel-baseline-permute-rxbvm-recorded-4,timing,Permute-NR26-panel,nr26-panel-baseline-permute-rxbvm,crexx,rxbvm,baseline-accepted-nr14,A,no,no,recorded,4,4,50,86243000,,0,pass,,
timing-Permute-NR26-panel-nr26-panel-baseline-permute-rxvm-recorded-5,timing,Permute-NR26-panel,nr26-panel-baseline-permute-rxvm,crexx,rxvm,baseline-accepted-nr14,A,no,no,recorded,5,1,50,79583000,,0,pass,,
timing-Permute-NR26-panel-nr26-panel-candidate-permute-rxvm-recorded-5,timing,Permute-NR26-panel,nr26-panel-candidate-permute-rxvm,crexx,rxvm,candidate-nr26-panel,A,no,no,recorded,5,2,50,76860000,,0,pass,,
timing-Permute-NR26-panel-nr26-panel-baseline-permute-rxbvm-recorded-5,timing,Permute-NR26-panel,nr26-panel-baseline-permute-rxbvm,crexx,rxbvm,baseline-accepted-nr14,A,no,no,recorded,5,3,50,80023000,,0,pass,,
timing-Permute-NR26-panel-nr26-panel-candidate-permute-rxbvm-recorded-5,timing,Permute-NR26-panel,nr26-panel-candidate-permute-rxbvm,crexx,rxbvm,candidate-nr26-panel,A,no,no,recorded,5,4,50,80054000,,0,pass,,
timing-Permute-NR26-panel-nr26-panel-candidate-permute-rxvm-recorded-6,timing,Permute-NR26-panel,nr26-panel-candidate-permute-rxvm,crexx,rxvm,candidate-nr26-panel,A,no,no,recorded,6,1,50,76642000,,0,pass,,
timing-Permute-NR26-panel-nr26-panel-baseline-permute-rxbvm-recorded-6,timing,Permute-NR26-panel,nr26-panel-baseline-permute-rxbvm,crexx,rxbvm,baseline-accepted-nr14,A,no,no,recorded,6,2,50,79501000,,0,pass,,
timing-Permute-NR26-panel-nr26-panel-candidate-permute-rxbvm-recorded-6,timing,Permute-NR26-panel,nr26-panel-candidate-permute-rxbvm,crexx,rxbvm,candidate-nr26-panel,A,no,no,recorded,6,3,50,79870000,,0,pass,,
timing-Permute-NR26-panel-nr26-panel-baseline-permute-rxvm-recorded-6,timing,Permute-NR26-panel,nr26-panel-baseline-permute-rxvm,crexx,rxvm,baseline-accepted-nr14,A,no,no,recorded,6,4,50,76600000,,0,pass,,
timing-Permute-NR26-panel-nr26-panel-baseline-permute-rxbvm-recorded-7,timing,Permute-NR26-panel,nr26-panel-baseline-permute-rxbvm,crexx,rxbvm,baseline-accepted-nr14,A,no,no,recorded,7,1,50,79164000,,0,pass,,
timing-Permute-NR26-panel-nr26-panel-candidate-permute-rxbvm-recorded-7,timing,Permute-NR26-panel,nr26-panel-candidate-permute-rxbvm,crexx,rxbvm,candidate-nr26-panel,A,no,no,recorded,7,2,50,78491000,,0,pass,,
timing-Permute-NR26-panel-nr26-panel-baseline-permute-rxvm-recorded-7,timing,Permute-NR26-panel,nr26-panel-baseline-permute-rxvm,crexx,rxvm,baseline-accepted-nr14,A,no,no,recorded,7,3,50,77549000,,0,pass,,
timing-Permute-NR26-panel-nr26-panel-candidate-permute-rxvm-recorded-7,timing,Permute-NR26-panel,nr26-panel-candidate-permute-rxvm,crexx,rxvm,candidate-nr26-panel,A,no,no,recorded,7,4,50,76053000,,0,pass,,
timing-Permute-NR26-panel-nr26-panel-candidate-permute-rxbvm-recorded-8,timing,Permute-NR26-panel,nr26-panel-candidate-permute-rxbvm,crexx,rxbvm,candidate-nr26-panel,A,no,no,recorded,8,1,50,78651000,,0,pass,,
timing-Permute-NR26-panel-nr26-panel-baseline-permute-rxvm-recorded-8,timing,Permute-NR26-panel,nr26-panel-baseline-permute-rxvm,crexx,rxvm,baseline-accepted-nr14,A,no,no,recorded,8,2,50,76784000,,0,pass,,
timing-Permute-NR26-panel-nr26-panel-candidate-permute-rxvm-recorded-8,timing,Permute-NR26-panel,nr26-panel-candidate-permute-rxvm,crexx,rxvm,candidate-nr26-panel,A,no,no,recorded,8,3,50,75774000,,0,pass,,
timing-Permute-NR26-panel-nr26-panel-baseline-permute-rxbvm-recorded-8,timing,Permute-NR26-panel,nr26-panel-baseline-permute-rxbvm,crexx,rxbvm,baseline-accepted-nr14,A,no,no,recorded,8,4,50,79125000,,0,pass,,
timing-Permute-NR26-panel-nr26-panel-baseline-permute-rxvm-recorded-9,timing,Permute-NR26-panel,nr26-panel-baseline-permute-rxvm,crexx,rxvm,baseline-accepted-nr14,A,no,no,recorded,9,1,50,77932000,,0,pass,,
timing-Permute-NR26-panel-nr26-panel-candidate-permute-rxvm-recorded-9,timing,Permute-NR26-panel,nr26-panel-candidate-permute-rxvm,crexx,rxvm,candidate-nr26-panel,A,no,no,recorded,9,2,50,77766000,,0,pass,,
timing-Permute-NR26-panel-nr26-panel-baseline-permute-rxbvm-recorded-9,timing,Permute-NR26-panel,nr26-panel-baseline-permute-rxbvm,crexx,rxbvm,baseline-accepted-nr14,A,no,no,recorded,9,3,50,79527000,,0,pass,,
timing-Permute-NR26-panel-nr26-panel-candidate-permute-rxbvm-recorded-9,timing,Permute-NR26-panel,nr26-panel-candidate-permute-rxbvm,crexx,rxbvm,candidate-nr26-panel,A,no,no,recorded,9,4,50,79200000,,0,pass,,
timing-Permute-NR26-panel-nr26-panel-candidate-permute-rxvm-recorded-10,timing,Permute-NR26-panel,nr26-panel-candidate-permute-rxvm,crexx,rxvm,candidate-nr26-panel,A,no,no,recorded,10,1,50,75999000,,0,pass,,
timing-Permute-NR26-panel-nr26-panel-baseline-permute-rxbvm-recorded-10,timing,Permute-NR26-panel,nr26-panel-baseline-permute-rxbvm,crexx,rxbvm,baseline-accepted-nr14,A,no,no,recorded,10,2,50,79681000,,0,pass,,
timing-Permute-NR26-panel-nr26-panel-candidate-permute-rxbvm-recorded-10,timing,Permute-NR26-panel,nr26-panel-candidate-permute-rxbvm,crexx,rxbvm,candidate-nr26-panel,A,no,no,recorded,10,3,50,78315000,,0,pass,,
timing-Permute-NR26-panel-nr26-panel-baseline-permute-rxvm-recorded-10,timing,Permute-NR26-panel,nr26-panel-baseline-permute-rxvm,crexx,rxvm,baseline-accepted-nr14,A,no,no,recorded,10,4,50,76288000,,0,pass,,
timing-Permute-NR26-panel-nr26-panel-baseline-permute-rxbvm-recorded-11,timing,Permute-NR26-panel,nr26-panel-baseline-permute-rxbvm,crexx,rxbvm,baseline-accepted-nr14,A,no,no,recorded,11,1,50,80034000,,0,pass,,
timing-Permute-NR26-panel-nr26-panel-candidate-permute-rxbvm-recorded-11,timing,Permute-NR26-panel,nr26-panel-candidate-permute-rxbvm,crexx,rxbvm,candidate-nr26-panel,A,no,no,recorded,11,2,50,79930000,,0,pass,,
timing-Permute-NR26-panel-nr26-panel-baseline-permute-rxvm-recorded-11,timing,Permute-NR26-panel,nr26-panel-baseline-permute-rxvm,crexx,rxvm,baseline-accepted-nr14,A,no,no,recorded,11,3,50,76961000,,0,pass,,
timing-Permute-NR26-panel-nr26-panel-candidate-permute-rxvm-recorded-11,timing,Permute-NR26-panel,nr26-panel-candidate-permute-rxvm,crexx,rxvm,candidate-nr26-panel,A,no,no,recorded,11,4,50,76276000,,0,pass,,
timing-Permute-NR26-panel-nr26-panel-candidate-permute-rxbvm-recorded-12,timing,Permute-NR26-panel,nr26-panel-candidate-permute-rxbvm,crexx,rxbvm,candidate-nr26-panel,A,no,no,recorded,12,1,50,78311000,,0,pass,,
timing-Permute-NR26-panel-nr26-panel-baseline-permute-rxvm-recorded-12,timing,Permute-NR26-panel,nr26-panel-baseline-permute-rxvm,crexx,rxvm,baseline-accepted-nr14,A,no,no,recorded,12,2,50,78271000,,0,pass,,
timing-Permute-NR26-panel-nr26-panel-candidate-permute-rxvm-recorded-12,timing,Permute-NR26-panel,nr26-panel-candidate-permute-rxvm,crexx,rxvm,candidate-nr26-panel,A,no,no,recorded,12,3,50,75968000,,0,pass,,
timing-Permute-NR26-panel-nr26-panel-baseline-permute-rxbvm-recorded-12,timing,Permute-NR26-panel,nr26-panel-baseline-permute-rxbvm,crexx,rxbvm,baseline-accepted-nr14,A,no,no,recorded,12,4,50,79705000,,0,pass,,
timing-Richards-NR26-panel-nr26-panel-baseline-richards-rxvm-recorded-1,timing,Richards-NR26-panel,nr26-panel-baseline-richards-rxvm,crexx,rxvm,baseline-accepted-nr14,A,no,no,recorded,1,1,1,577673000,,0,pass,,
timing-Richards-NR26-panel-nr26-panel-candidate-richards-rxvm-recorded-1,timing,Richards-NR26-panel,nr26-panel-candidate-richards-rxvm,crexx,rxvm,candidate-nr26-panel,A,no,no,recorded,1,2,1,604306000,,0,pass,,
timing-Richards-NR26-panel-nr26-panel-baseline-richards-rxbvm-recorded-1,timing,Richards-NR26-panel,nr26-panel-baseline-richards-rxbvm,crexx,rxbvm,baseline-accepted-nr14,A,no,no,recorded,1,3,1,600268000,,0,pass,,
timing-Richards-NR26-panel-nr26-panel-candidate-richards-rxbvm-recorded-1,timing,Richards-NR26-panel,nr26-panel-candidate-richards-rxbvm,crexx,rxbvm,candidate-nr26-panel,A,no,no,recorded,1,4,1,587317000,,0,pass,,
timing-Richards-NR26-panel-nr26-panel-candidate-richards-rxvm-recorded-2,timing,Richards-NR26-panel,nr26-panel-candidate-richards-rxvm,crexx,rxvm,candidate-nr26-panel,A,no,no,recorded,2,1,1,581282000,,0,pass,,
timing-Richards-NR26-panel-nr26-panel-baseline-richards-rxbvm-recorded-2,timing,Richards-NR26-panel,nr26-panel-baseline-richards-rxbvm,crexx,rxbvm,baseline-accepted-nr14,A,no,no,recorded,2,2,1,581779000,,0,pass,,
timing-Richards-NR26-panel-nr26-panel-candidate-richards-rxbvm-recorded-2,timing,Richards-NR26-panel,nr26-panel-candidate-richards-rxbvm,crexx,rxbvm,candidate-nr26-panel,A,no,no,recorded,2,3,1,580921000,,0,pass,,
timing-Richards-NR26-panel-nr26-panel-baseline-richards-rxvm-recorded-2,timing,Richards-NR26-panel,nr26-panel-baseline-richards-rxvm,crexx,rxvm,baseline-accepted-nr14,A,no,no,recorded,2,4,1,577899000,,0,pass,,
timing-Richards-NR26-panel-nr26-panel-baseline-richards-rxbvm-recorded-3,timing,Richards-NR26-panel,nr26-panel-baseline-richards-rxbvm,crexx,rxbvm,baseline-accepted-nr14,A,no,no,recorded,3,1,1,581047000,,0,pass,,
timing-Richards-NR26-panel-nr26-panel-candidate-richards-rxbvm-recorded-3,timing,Richards-NR26-panel,nr26-panel-candidate-richards-rxbvm,crexx,rxbvm,candidate-nr26-panel,A,no,no,recorded,3,2,1,585282000,,0,pass,,
timing-Richards-NR26-panel-nr26-panel-baseline-richards-rxvm-recorded-3,timing,Richards-NR26-panel,nr26-panel-baseline-richards-rxvm,crexx,rxvm,baseline-accepted-nr14,A,no,no,recorded,3,3,1,579264000,,0,pass,,
timing-Richards-NR26-panel-nr26-panel-candidate-richards-rxvm-recorded-3,timing,Richards-NR26-panel,nr26-panel-candidate-richards-rxvm,crexx,rxvm,candidate-nr26-panel,A,no,no,recorded,3,4,1,576693000,,0,pass,,
timing-Richards-NR26-panel-nr26-panel-candidate-richards-rxbvm-recorded-4,timing,Richards-NR26-panel,nr26-panel-candidate-richards-rxbvm,crexx,rxbvm,candidate-nr26-panel,A,no,no,recorded,4,1,1,582951000,,0,pass,,
timing-Richards-NR26-panel-nr26-panel-baseline-richards-rxvm-recorded-4,timing,Richards-NR26-panel,nr26-panel-baseline-richards-rxvm,crexx,rxvm,baseline-accepted-nr14,A,no,no,recorded,4,2,1,599255000,,0,pass,,
timing-Richards-NR26-panel-nr26-panel-candidate-richards-rxvm-recorded-4,timing,Richards-NR26-panel,nr26-panel-candidate-richards-rxvm,crexx,rxvm,candidate-nr26-panel,A,no,no,recorded,4,3,1,613485000,,0,pass,,
timing-Richards-NR26-panel-nr26-panel-baseline-richards-rxbvm-recorded-4,timing,Richards-NR26-panel,nr26-panel-baseline-richards-rxbvm,crexx,rxbvm,baseline-accepted-nr14,A,no,no,recorded,4,4,1,585452000,,0,pass,,
timing-Richards-NR26-panel-nr26-panel-baseline-richards-rxvm-recorded-5,timing,Richards-NR26-panel,nr26-panel-baseline-richards-rxvm,crexx,rxvm,baseline-accepted-nr14,A,no,no,recorded,5,1,1,581014000,,0,pass,,
timing-Richards-NR26-panel-nr26-panel-candidate-richards-rxvm-recorded-5,timing,Richards-NR26-panel,nr26-panel-candidate-richards-rxvm,crexx,rxvm,candidate-nr26-panel,A,no,no,recorded,5,2,1,578876000,,0,pass,,
timing-Richards-NR26-panel-nr26-panel-baseline-richards-rxbvm-recorded-5,timing,Richards-NR26-panel,nr26-panel-baseline-richards-rxbvm,crexx,rxbvm,baseline-accepted-nr14,A,no,no,recorded,5,3,1,587342000,,0,pass,,
timing-Richards-NR26-panel-nr26-panel-candidate-richards-rxbvm-recorded-5,timing,Richards-NR26-panel,nr26-panel-candidate-richards-rxbvm,crexx,rxbvm,candidate-nr26-panel,A,no,no,recorded,5,4,1,583454000,,0,pass,,
timing-Richards-NR26-panel-nr26-panel-candidate-richards-rxvm-recorded-6,timing,Richards-NR26-panel,nr26-panel-candidate-richards-rxvm,crexx,rxvm,candidate-nr26-panel,A,no,no,recorded,6,1,1,582635000,,0,pass,,
timing-Richards-NR26-panel-nr26-panel-baseline-richards-rxbvm-recorded-6,timing,Richards-NR26-panel,nr26-panel-baseline-richards-rxbvm,crexx,rxbvm,baseline-accepted-nr14,A,no,no,recorded,6,2,1,583381000,,0,pass,,
timing-Richards-NR26-panel-nr26-panel-candidate-richards-rxbvm-recorded-6,timing,Richards-NR26-panel,nr26-panel-candidate-richards-rxbvm,crexx,rxbvm,candidate-nr26-panel,A,no,no,recorded,6,3,1,583322000,,0,pass,,
timing-Richards-NR26-panel-nr26-panel-baseline-richards-rxvm-recorded-6,timing,Richards-NR26-panel,nr26-panel-baseline-richards-rxvm,crexx,rxvm,baseline-accepted-nr14,A,no,no,recorded,6,4,1,579465000,,0,pass,,
timing-Richards-NR26-panel-nr26-panel-baseline-richards-rxbvm-recorded-7,timing,Richards-NR26-panel,nr26-panel-baseline-richards-rxbvm,crexx,rxbvm,baseline-accepted-nr14,A,no,no,recorded,7,1,1,588664000,,0,pass,,
timing-Richards-NR26-panel-nr26-panel-candidate-richards-rxbvm-recorded-7,timing,Richards-NR26-panel,nr26-panel-candidate-richards-rxbvm,crexx,rxbvm,candidate-nr26-panel,A,no,no,recorded,7,2,1,581145000,,0,pass,,
timing-Richards-NR26-panel-nr26-panel-baseline-richards-rxvm-recorded-7,timing,Richards-NR26-panel,nr26-panel-baseline-richards-rxvm,crexx,rxvm,baseline-accepted-nr14,A,no,no,recorded,7,3,1,579771000,,0,pass,,
timing-Richards-NR26-panel-nr26-panel-candidate-richards-rxvm-recorded-7,timing,Richards-NR26-panel,nr26-panel-candidate-richards-rxvm,crexx,rxvm,candidate-nr26-panel,A,no,no,recorded,7,4,1,577267000,,0,pass,,
timing-Richards-NR26-panel-nr26-panel-candidate-richards-rxbvm-recorded-8,timing,Richards-NR26-panel,nr26-panel-candidate-richards-rxbvm,crexx,rxbvm,candidate-nr26-panel,A,no,no,recorded,8,1,1,582282000,,0,pass,,
timing-Richards-NR26-panel-nr26-panel-baseline-richards-rxvm-recorded-8,timing,Richards-NR26-panel,nr26-panel-baseline-richards-rxvm,crexx,rxvm,baseline-accepted-nr14,A,no,no,recorded,8,2,1,577017000,,0,pass,,
timing-Richards-NR26-panel-nr26-panel-candidate-richards-rxvm-recorded-8,timing,Richards-NR26-panel,nr26-panel-candidate-richards-rxvm,crexx,rxvm,candidate-nr26-panel,A,no,no,recorded,8,3,1,578004000,,0,pass,,
timing-Richards-NR26-panel-nr26-panel-baseline-richards-rxbvm-recorded-8,timing,Richards-NR26-panel,nr26-panel-baseline-richards-rxbvm,crexx,rxbvm,baseline-accepted-nr14,A,no,no,recorded,8,4,1,582771000,,0,pass,,
timing-Richards-NR26-panel-nr26-panel-baseline-richards-rxvm-recorded-9,timing,Richards-NR26-panel,nr26-panel-baseline-richards-rxvm,crexx,rxvm,baseline-accepted-nr14,A,no,no,recorded,9,1,1,579819000,,0,pass,,
timing-Richards-NR26-panel-nr26-panel-candidate-richards-rxvm-recorded-9,timing,Richards-NR26-panel,nr26-panel-candidate-richards-rxvm,crexx,rxvm,candidate-nr26-panel,A,no,no,recorded,9,2,1,581256000,,0,pass,,
timing-Richards-NR26-panel-nr26-panel-baseline-richards-rxbvm-recorded-9,timing,Richards-NR26-panel,nr26-panel-baseline-richards-rxbvm,crexx,rxbvm,baseline-accepted-nr14,A,no,no,recorded,9,3,1,582001000,,0,pass,,
timing-Richards-NR26-panel-nr26-panel-candidate-richards-rxbvm-recorded-9,timing,Richards-NR26-panel,nr26-panel-candidate-richards-rxbvm,crexx,rxbvm,candidate-nr26-panel,A,no,no,recorded,9,4,1,581261000,,0,pass,,
timing-Richards-NR26-panel-nr26-panel-candidate-richards-rxvm-recorded-10,timing,Richards-NR26-panel,nr26-panel-candidate-richards-rxvm,crexx,rxvm,candidate-nr26-panel,A,no,no,recorded,10,1,1,579778000,,0,pass,,
timing-Richards-NR26-panel-nr26-panel-baseline-richards-rxbvm-recorded-10,timing,Richards-NR26-panel,nr26-panel-baseline-richards-rxbvm,crexx,rxbvm,baseline-accepted-nr14,A,no,no,recorded,10,2,1,582394000,,0,pass,,
timing-Richards-NR26-panel-nr26-panel-candidate-richards-rxbvm-recorded-10,timing,Richards-NR26-panel,nr26-panel-candidate-richards-rxbvm,crexx,rxbvm,candidate-nr26-panel,A,no,no,recorded,10,3,1,583623000,,0,pass,,
timing-Richards-NR26-panel-nr26-panel-baseline-richards-rxvm-recorded-10,timing,Richards-NR26-panel,nr26-panel-baseline-richards-rxvm,crexx,rxvm,baseline-accepted-nr14,A,no,no,recorded,10,4,1,583509000,,0,pass,,
timing-Richards-NR26-panel-nr26-panel-baseline-richards-rxbvm-recorded-11,timing,Richards-NR26-panel,nr26-panel-baseline-richards-rxbvm,crexx,rxbvm,baseline-accepted-nr14,A,no,no,recorded,11,1,1,581042000,,0,pass,,
timing-Richards-NR26-panel-nr26-panel-candidate-richards-rxbvm-recorded-11,timing,Richards-NR26-panel,nr26-panel-candidate-richards-rxbvm,crexx,rxbvm,candidate-nr26-panel,A,no,no,recorded,11,2,1,587960000,,0,pass,,
timing-Richards-NR26-panel-nr26-panel-baseline-richards-rxvm-recorded-11,timing,Richards-NR26-panel,nr26-panel-baseline-richards-rxvm,crexx,rxvm,baseline-accepted-nr14,A,no,no,recorded,11,3,1,578402000,,0,pass,,
timing-Richards-NR26-panel-nr26-panel-candidate-richards-rxvm-recorded-11,timing,Richards-NR26-panel,nr26-panel-candidate-richards-rxvm,crexx,rxvm,candidate-nr26-panel,A,no,no,recorded,11,4,1,581405000,,0,pass,,
timing-Richards-NR26-panel-nr26-panel-candidate-richards-rxbvm-recorded-12,timing,Richards-NR26-panel,nr26-panel-candidate-richards-rxbvm,crexx,rxbvm,candidate-nr26-panel,A,no,no,recorded,12,1,1,583602000,,0,pass,,
timing-Richards-NR26-panel-nr26-panel-baseline-richards-rxvm-recorded-12,timing,Richards-NR26-panel,nr26-panel-baseline-richards-rxvm,crexx,rxvm,baseline-accepted-nr14,A,no,no,recorded,12,2,1,579239000,,0,pass,,
timing-Richards-NR26-panel-nr26-panel-candidate-richards-rxvm-recorded-12,timing,Richards-NR26-panel,nr26-panel-candidate-richards-rxvm,crexx,rxvm,candidate-nr26-panel,A,no,no,recorded,12,3,1,581705000,,0,pass,,
timing-Richards-NR26-panel-nr26-panel-baseline-richards-rxbvm-recorded-12,timing,Richards-NR26-panel,nr26-panel-baseline-richards-rxbvm,crexx,rxbvm,baseline-accepted-nr14,A,no,no,recorded,12,4,1,585524000,,0,pass,,
timing-Towers-NR26-panel-nr26-panel-baseline-towers-rxvm-recorded-1,timing,Towers-NR26-panel,nr26-panel-baseline-towers-rxvm,crexx,rxvm,baseline-accepted-nr14,A,no,no,recorded,1,1,10,674531000,,0,pass,,
timing-Towers-NR26-panel-nr26-panel-candidate-towers-rxvm-recorded-1,timing,Towers-NR26-panel,nr26-panel-candidate-towers-rxvm,crexx,rxvm,candidate-nr26-panel,A,no,no,recorded,1,2,10,690779000,,0,pass,,
timing-Towers-NR26-panel-nr26-panel-baseline-towers-rxbvm-recorded-1,timing,Towers-NR26-panel,nr26-panel-baseline-towers-rxbvm,crexx,rxbvm,baseline-accepted-nr14,A,no,no,recorded,1,3,10,675682000,,0,pass,,
timing-Towers-NR26-panel-nr26-panel-candidate-towers-rxbvm-recorded-1,timing,Towers-NR26-panel,nr26-panel-candidate-towers-rxbvm,crexx,rxbvm,candidate-nr26-panel,A,no,no,recorded,1,4,10,666395000,,0,pass,,
timing-Towers-NR26-panel-nr26-panel-candidate-towers-rxvm-recorded-2,timing,Towers-NR26-panel,nr26-panel-candidate-towers-rxvm,crexx,rxvm,candidate-nr26-panel,A,no,no,recorded,2,1,10,661122000,,0,pass,,
timing-Towers-NR26-panel-nr26-panel-baseline-towers-rxbvm-recorded-2,timing,Towers-NR26-panel,nr26-panel-baseline-towers-rxbvm,crexx,rxbvm,baseline-accepted-nr14,A,no,no,recorded,2,2,10,693440000,,0,pass,,
timing-Towers-NR26-panel-nr26-panel-candidate-towers-rxbvm-recorded-2,timing,Towers-NR26-panel,nr26-panel-candidate-towers-rxbvm,crexx,rxbvm,candidate-nr26-panel,A,no,no,recorded,2,3,10,697380000,,0,pass,,
timing-Towers-NR26-panel-nr26-panel-baseline-towers-rxvm-recorded-2,timing,Towers-NR26-panel,nr26-panel-baseline-towers-rxvm,crexx,rxvm,baseline-accepted-nr14,A,no,no,recorded,2,4,10,685554000,,0,pass,,
timing-Towers-NR26-panel-nr26-panel-baseline-towers-rxbvm-recorded-3,timing,Towers-NR26-panel,nr26-panel-baseline-towers-rxbvm,crexx,rxbvm,baseline-accepted-nr14,A,no,no,recorded,3,1,10,700256000,,0,pass,,
timing-Towers-NR26-panel-nr26-panel-candidate-towers-rxbvm-recorded-3,timing,Towers-NR26-panel,nr26-panel-candidate-towers-rxbvm,crexx,rxbvm,candidate-nr26-panel,A,no,no,recorded,3,2,10,702884000,,0,pass,,
timing-Towers-NR26-panel-nr26-panel-baseline-towers-rxvm-recorded-3,timing,Towers-NR26-panel,nr26-panel-baseline-towers-rxvm,crexx,rxvm,baseline-accepted-nr14,A,no,no,recorded,3,3,10,696976000,,0,pass,,
timing-Towers-NR26-panel-nr26-panel-candidate-towers-rxvm-recorded-3,timing,Towers-NR26-panel,nr26-panel-candidate-towers-rxvm,crexx,rxvm,candidate-nr26-panel,A,no,no,recorded,3,4,10,692225000,,0,pass,,
timing-Towers-NR26-panel-nr26-panel-candidate-towers-rxbvm-recorded-4,timing,Towers-NR26-panel,nr26-panel-candidate-towers-rxbvm,crexx,rxbvm,candidate-nr26-panel,A,no,no,recorded,4,1,10,692674000,,0,pass,,
timing-Towers-NR26-panel-nr26-panel-baseline-towers-rxvm-recorded-4,timing,Towers-NR26-panel,nr26-panel-baseline-towers-rxvm,crexx,rxvm,baseline-accepted-nr14,A,no,no,recorded,4,2,10,687465000,,0,pass,,
timing-Towers-NR26-panel-nr26-panel-candidate-towers-rxvm-recorded-4,timing,Towers-NR26-panel,nr26-panel-candidate-towers-rxvm,crexx,rxvm,candidate-nr26-panel,A,no,no,recorded,4,3,10,693350000,,0,pass,,
timing-Towers-NR26-panel-nr26-panel-baseline-towers-rxbvm-recorded-4,timing,Towers-NR26-panel,nr26-panel-baseline-towers-rxbvm,crexx,rxbvm,baseline-accepted-nr14,A,no,no,recorded,4,4,10,675354000,,0,pass,,
timing-Towers-NR26-panel-nr26-panel-baseline-towers-rxvm-recorded-5,timing,Towers-NR26-panel,nr26-panel-baseline-towers-rxvm,crexx,rxvm,baseline-accepted-nr14,A,no,no,recorded,5,1,10,682164000,,0,pass,,
timing-Towers-NR26-panel-nr26-panel-candidate-towers-rxvm-recorded-5,timing,Towers-NR26-panel,nr26-panel-candidate-towers-rxvm,crexx,rxvm,candidate-nr26-panel,A,no,no,recorded,5,2,10,689622000,,0,pass,,
timing-Towers-NR26-panel-nr26-panel-baseline-towers-rxbvm-recorded-5,timing,Towers-NR26-panel,nr26-panel-baseline-towers-rxbvm,crexx,rxbvm,baseline-accepted-nr14,A,no,no,recorded,5,3,10,703725000,,0,pass,,
timing-Towers-NR26-panel-nr26-panel-candidate-towers-rxbvm-recorded-5,timing,Towers-NR26-panel,nr26-panel-candidate-towers-rxbvm,crexx,rxbvm,candidate-nr26-panel,A,no,no,recorded,5,4,10,679275000,,0,pass,,
timing-Towers-NR26-panel-nr26-panel-candidate-towers-rxvm-recorded-6,timing,Towers-NR26-panel,nr26-panel-candidate-towers-rxvm,crexx,rxvm,candidate-nr26-panel,A,no,no,recorded,6,1,10,677064000,,0,pass,,
timing-Towers-NR26-panel-nr26-panel-baseline-towers-rxbvm-recorded-6,timing,Towers-NR26-panel,nr26-panel-baseline-towers-rxbvm,crexx,rxbvm,baseline-accepted-nr14,A,no,no,recorded,6,2,10,685695000,,0,pass,,
timing-Towers-NR26-panel-nr26-panel-candidate-towers-rxbvm-recorded-6,timing,Towers-NR26-panel,nr26-panel-candidate-towers-rxbvm,crexx,rxbvm,candidate-nr26-panel,A,no,no,recorded,6,3,10,698939000,,0,pass,,
timing-Towers-NR26-panel-nr26-panel-baseline-towers-rxvm-recorded-6,timing,Towers-NR26-panel,nr26-panel-baseline-towers-rxvm,crexx,rxvm,baseline-accepted-nr14,A,no,no,recorded,6,4,10,697417000,,0,pass,,
timing-Towers-NR26-panel-nr26-panel-baseline-towers-rxbvm-recorded-7,timing,Towers-NR26-panel,nr26-panel-baseline-towers-rxbvm,crexx,rxbvm,baseline-accepted-nr14,A,no,no,recorded,7,1,10,673268000,,0,pass,,
timing-Towers-NR26-panel-nr26-panel-candidate-towers-rxbvm-recorded-7,timing,Towers-NR26-panel,nr26-panel-candidate-towers-rxbvm,crexx,rxbvm,candidate-nr26-panel,A,no,no,recorded,7,2,10,699028000,,0,pass,,
timing-Towers-NR26-panel-nr26-panel-baseline-towers-rxvm-recorded-7,timing,Towers-NR26-panel,nr26-panel-baseline-towers-rxvm,crexx,rxvm,baseline-accepted-nr14,A,no,no,recorded,7,3,10,694230000,,0,pass,,
timing-Towers-NR26-panel-nr26-panel-candidate-towers-rxvm-recorded-7,timing,Towers-NR26-panel,nr26-panel-candidate-towers-rxvm,crexx,rxvm,candidate-nr26-panel,A,no,no,recorded,7,4,10,706658000,,0,pass,,
timing-Towers-NR26-panel-nr26-panel-candidate-towers-rxbvm-recorded-8,timing,Towers-NR26-panel,nr26-panel-candidate-towers-rxbvm,crexx,rxbvm,candidate-nr26-panel,A,no,no,recorded,8,1,10,707550000,,0,pass,,
timing-Towers-NR26-panel-nr26-panel-baseline-towers-rxvm-recorded-8,timing,Towers-NR26-panel,nr26-panel-baseline-towers-rxvm,crexx,rxvm,baseline-accepted-nr14,A,no,no,recorded,8,2,10,670288000,,0,pass,,
timing-Towers-NR26-panel-nr26-panel-candidate-towers-rxvm-recorded-8,timing,Towers-NR26-panel,nr26-panel-candidate-towers-rxvm,crexx,rxvm,candidate-nr26-panel,A,no,no,recorded,8,3,10,679332000,,0,pass,,
timing-Towers-NR26-panel-nr26-panel-baseline-towers-rxbvm-recorded-8,timing,Towers-NR26-panel,nr26-panel-baseline-towers-rxbvm,crexx,rxbvm,baseline-accepted-nr14,A,no,no,recorded,8,4,10,692815000,,0,pass,,
timing-Towers-NR26-panel-nr26-panel-baseline-towers-rxvm-recorded-9,timing,Towers-NR26-panel,nr26-panel-baseline-towers-rxvm,crexx,rxvm,baseline-accepted-nr14,A,no,no,recorded,9,1,10,680608000,,0,pass,,
timing-Towers-NR26-panel-nr26-panel-candidate-towers-rxvm-recorded-9,timing,Towers-NR26-panel,nr26-panel-candidate-towers-rxvm,crexx,rxvm,candidate-nr26-panel,A,no,no,recorded,9,2,10,700624000,,0,pass,,
timing-Towers-NR26-panel-nr26-panel-baseline-towers-rxbvm-recorded-9,timing,Towers-NR26-panel,nr26-panel-baseline-towers-rxbvm,crexx,rxbvm,baseline-accepted-nr14,A,no,no,recorded,9,3,10,703409000,,0,pass,,
timing-Towers-NR26-panel-nr26-panel-candidate-towers-rxbvm-recorded-9,timing,Towers-NR26-panel,nr26-panel-candidate-towers-rxbvm,crexx,rxbvm,candidate-nr26-panel,A,no,no,recorded,9,4,10,705775000,,0,pass,,
timing-Towers-NR26-panel-nr26-panel-candidate-towers-rxvm-recorded-10,timing,Towers-NR26-panel,nr26-panel-candidate-towers-rxvm,crexx,rxvm,candidate-nr26-panel,A,no,no,recorded,10,1,10,691611000,,0,pass,,
timing-Towers-NR26-panel-nr26-panel-baseline-towers-rxbvm-recorded-10,timing,Towers-NR26-panel,nr26-panel-baseline-towers-rxbvm,crexx,rxbvm,baseline-accepted-nr14,A,no,no,recorded,10,2,10,694820000,,0,pass,,
timing-Towers-NR26-panel-nr26-panel-candidate-towers-rxbvm-recorded-10,timing,Towers-NR26-panel,nr26-panel-candidate-towers-rxbvm,crexx,rxbvm,candidate-nr26-panel,A,no,no,recorded,10,3,10,706718000,,0,pass,,
timing-Towers-NR26-panel-nr26-panel-baseline-towers-rxvm-recorded-10,timing,Towers-NR26-panel,nr26-panel-baseline-towers-rxvm,crexx,rxvm,baseline-accepted-nr14,A,no,no,recorded,10,4,10,690789000,,0,pass,,
timing-Towers-NR26-panel-nr26-panel-baseline-towers-rxbvm-recorded-11,timing,Towers-NR26-panel,nr26-panel-baseline-towers-rxbvm,crexx,rxbvm,baseline-accepted-nr14,A,no,no,recorded,11,1,10,691367000,,0,pass,,
timing-Towers-NR26-panel-nr26-panel-candidate-towers-rxbvm-recorded-11,timing,Towers-NR26-panel,nr26-panel-candidate-towers-rxbvm,crexx,rxbvm,candidate-nr26-panel,A,no,no,recorded,11,2,10,696510000,,0,pass,,
timing-Towers-NR26-panel-nr26-panel-baseline-towers-rxvm-recorded-11,timing,Towers-NR26-panel,nr26-panel-baseline-towers-rxvm,crexx,rxvm,baseline-accepted-nr14,A,no,no,recorded,11,3,10,683127000,,0,pass,,
timing-Towers-NR26-panel-nr26-panel-candidate-towers-rxvm-recorded-11,timing,Towers-NR26-panel,nr26-panel-candidate-towers-rxvm,crexx,rxvm,candidate-nr26-panel,A,no,no,recorded,11,4,10,688112000,,0,pass,,
timing-Towers-NR26-panel-nr26-panel-candidate-towers-rxbvm-recorded-12,timing,Towers-NR26-panel,nr26-panel-candidate-towers-rxbvm,crexx,rxbvm,candidate-nr26-panel,A,no,no,recorded,12,1,10,700280000,,0,pass,,
timing-Towers-NR26-panel-nr26-panel-baseline-towers-rxvm-recorded-12,timing,Towers-NR26-panel,nr26-panel-baseline-towers-rxvm,crexx,rxvm,baseline-accepted-nr14,A,no,no,recorded,12,2,10,666718000,,0,pass,,
timing-Towers-NR26-panel-nr26-panel-candidate-towers-rxvm-recorded-12,timing,Towers-NR26-panel,nr26-panel-candidate-towers-rxvm,crexx,rxvm,candidate-nr26-panel,A,no,no,recorded,12,3,10,662005000,,0,pass,,
timing-Towers-NR26-panel-nr26-panel-baseline-towers-rxbvm-recorded-12,timing,Towers-NR26-panel,nr26-panel-baseline-towers-rxbvm,crexx,rxbvm,baseline-accepted-nr14,A,no,no,recorded,12,4,10,685470000,,0,pass,,
timing-Base64-NR26-panel-nr26-panel-baseline-base64-rxvm-recorded-1,timing,Base64-NR26-panel,nr26-panel-baseline-base64-rxvm,crexx,rxvm,baseline-accepted-nr14,A,no,no,recorded,1,1,500,333250000,,0,pass,,
timing-Base64-NR26-panel-nr26-panel-candidate-base64-rxvm-recorded-1,timing,Base64-NR26-panel,nr26-panel-candidate-base64-rxvm,crexx,rxvm,candidate-nr26-panel,A,no,no,recorded,1,2,500,260729000,,0,pass,,
timing-Base64-NR26-panel-nr26-panel-baseline-base64-rxbvm-recorded-1,timing,Base64-NR26-panel,nr26-panel-baseline-base64-rxbvm,crexx,rxbvm,baseline-accepted-nr14,A,no,no,recorded,1,3,500,352050000,,0,pass,,
timing-Base64-NR26-panel-nr26-panel-candidate-base64-rxbvm-recorded-1,timing,Base64-NR26-panel,nr26-panel-candidate-base64-rxbvm,crexx,rxbvm,candidate-nr26-panel,A,no,no,recorded,1,4,500,299489000,,0,pass,,
timing-Base64-NR26-panel-nr26-panel-candidate-base64-rxvm-recorded-2,timing,Base64-NR26-panel,nr26-panel-candidate-base64-rxvm,crexx,rxvm,candidate-nr26-panel,A,no,no,recorded,2,1,500,361778000,,0,pass,,
timing-Base64-NR26-panel-nr26-panel-baseline-base64-rxbvm-recorded-2,timing,Base64-NR26-panel,nr26-panel-baseline-base64-rxbvm,crexx,rxbvm,baseline-accepted-nr14,A,no,no,recorded,2,2,500,300200000,,0,pass,,
timing-Base64-NR26-panel-nr26-panel-candidate-base64-rxbvm-recorded-2,timing,Base64-NR26-panel,nr26-panel-candidate-base64-rxbvm,crexx,rxbvm,candidate-nr26-panel,A,no,no,recorded,2,3,500,353563000,,0,pass,,
timing-Base64-NR26-panel-nr26-panel-baseline-base64-rxvm-recorded-2,timing,Base64-NR26-panel,nr26-panel-baseline-base64-rxvm,crexx,rxvm,baseline-accepted-nr14,A,no,no,recorded,2,4,500,291461000,,0,pass,,
timing-Base64-NR26-panel-nr26-panel-baseline-base64-rxbvm-recorded-3,timing,Base64-NR26-panel,nr26-panel-baseline-base64-rxbvm,crexx,rxbvm,baseline-accepted-nr14,A,no,no,recorded,3,1,500,326234000,,0,pass,,
timing-Base64-NR26-panel-nr26-panel-candidate-base64-rxbvm-recorded-3,timing,Base64-NR26-panel,nr26-panel-candidate-base64-rxbvm,crexx,rxbvm,candidate-nr26-panel,A,no,no,recorded,3,2,500,312735000,,0,pass,,
timing-Base64-NR26-panel-nr26-panel-baseline-base64-rxvm-recorded-3,timing,Base64-NR26-panel,nr26-panel-baseline-base64-rxvm,crexx,rxvm,baseline-accepted-nr14,A,no,no,recorded,3,3,500,358758000,,0,pass,,
timing-Base64-NR26-panel-nr26-panel-candidate-base64-rxvm-recorded-3,timing,Base64-NR26-panel,nr26-panel-candidate-base64-rxvm,crexx,rxvm,candidate-nr26-panel,A,no,no,recorded,3,4,500,340116000,,0,pass,,
timing-Base64-NR26-panel-nr26-panel-candidate-base64-rxbvm-recorded-4,timing,Base64-NR26-panel,nr26-panel-candidate-base64-rxbvm,crexx,rxbvm,candidate-nr26-panel,A,no,no,recorded,4,1,500,371058000,,0,pass,,
timing-Base64-NR26-panel-nr26-panel-baseline-base64-rxvm-recorded-4,timing,Base64-NR26-panel,nr26-panel-baseline-base64-rxvm,crexx,rxvm,baseline-accepted-nr14,A,no,no,recorded,4,2,500,338470000,,0,pass,,
timing-Base64-NR26-panel-nr26-panel-candidate-base64-rxvm-recorded-4,timing,Base64-NR26-panel,nr26-panel-candidate-base64-rxvm,crexx,rxvm,candidate-nr26-panel,A,no,no,recorded,4,3,500,331083000,,0,pass,,
timing-Base64-NR26-panel-nr26-panel-baseline-base64-rxbvm-recorded-4,timing,Base64-NR26-panel,nr26-panel-baseline-base64-rxbvm,crexx,rxbvm,baseline-accepted-nr14,A,no,no,recorded,4,4,500,331851000,,0,pass,,
timing-Base64-NR26-panel-nr26-panel-baseline-base64-rxvm-recorded-5,timing,Base64-NR26-panel,nr26-panel-baseline-base64-rxvm,crexx,rxvm,baseline-accepted-nr14,A,no,no,recorded,5,1,500,395792000,,0,pass,,
timing-Base64-NR26-panel-nr26-panel-candidate-base64-rxvm-recorded-5,timing,Base64-NR26-panel,nr26-panel-candidate-base64-rxvm,crexx,rxvm,candidate-nr26-panel,A,no,no,recorded,5,2,500,323747000,,0,pass,,
timing-Base64-NR26-panel-nr26-panel-baseline-base64-rxbvm-recorded-5,timing,Base64-NR26-panel,nr26-panel-baseline-base64-rxbvm,crexx,rxbvm,baseline-accepted-nr14,A,no,no,recorded,5,3,500,344641000,,0,pass,,
timing-Base64-NR26-panel-nr26-panel-candidate-base64-rxbvm-recorded-5,timing,Base64-NR26-panel,nr26-panel-candidate-base64-rxbvm,crexx,rxbvm,candidate-nr26-panel,A,no,no,recorded,5,4,500,347820000,,0,pass,,
timing-Base64-NR26-panel-nr26-panel-candidate-base64-rxvm-recorded-6,timing,Base64-NR26-panel,nr26-panel-candidate-base64-rxvm,crexx,rxvm,candidate-nr26-panel,A,no,no,recorded,6,1,500,289263000,,0,pass,,
timing-Base64-NR26-panel-nr26-panel-baseline-base64-rxbvm-recorded-6,timing,Base64-NR26-panel,nr26-panel-baseline-base64-rxbvm,crexx,rxbvm,baseline-accepted-nr14,A,no,no,recorded,6,2,500,347839000,,0,pass,,
timing-Base64-NR26-panel-nr26-panel-candidate-base64-rxbvm-recorded-6,timing,Base64-NR26-panel,nr26-panel-candidate-base64-rxbvm,crexx,rxbvm,candidate-nr26-panel,A,no,no,recorded,6,3,500,324184000,,0,pass,,
timing-Base64-NR26-panel-nr26-panel-baseline-base64-rxvm-recorded-6,timing,Base64-NR26-panel,nr26-panel-baseline-base64-rxvm,crexx,rxvm,baseline-accepted-nr14,A,no,no,recorded,6,4,500,341756000,,0,pass,,
timing-Base64-NR26-panel-nr26-panel-baseline-base64-rxbvm-recorded-7,timing,Base64-NR26-panel,nr26-panel-baseline-base64-rxbvm,crexx,rxbvm,baseline-accepted-nr14,A,no,no,recorded,7,1,500,315747000,,0,pass,,
timing-Base64-NR26-panel-nr26-panel-candidate-base64-rxbvm-recorded-7,timing,Base64-NR26-panel,nr26-panel-candidate-base64-rxbvm,crexx,rxbvm,candidate-nr26-panel,A,no,no,recorded,7,2,500,359428000,,0,pass,,
timing-Base64-NR26-panel-nr26-panel-baseline-base64-rxvm-recorded-7,timing,Base64-NR26-panel,nr26-panel-baseline-base64-rxvm,crexx,rxvm,baseline-accepted-nr14,A,no,no,recorded,7,3,500,353167000,,0,pass,,
timing-Base64-NR26-panel-nr26-panel-candidate-base64-rxvm-recorded-7,timing,Base64-NR26-panel,nr26-panel-candidate-base64-rxvm,crexx,rxvm,candidate-nr26-panel,A,no,no,recorded,7,4,500,330552000,,0,pass,,
timing-Base64-NR26-panel-nr26-panel-candidate-base64-rxbvm-recorded-8,timing,Base64-NR26-panel,nr26-panel-candidate-base64-rxbvm,crexx,rxbvm,candidate-nr26-panel,A,no,no,recorded,8,1,500,380259000,,0,pass,,
timing-Base64-NR26-panel-nr26-panel-baseline-base64-rxvm-recorded-8,timing,Base64-NR26-panel,nr26-panel-baseline-base64-rxvm,crexx,rxvm,baseline-accepted-nr14,A,no,no,recorded,8,2,500,368739000,,0,pass,,
timing-Base64-NR26-panel-nr26-panel-candidate-base64-rxvm-recorded-8,timing,Base64-NR26-panel,nr26-panel-candidate-base64-rxvm,crexx,rxvm,candidate-nr26-panel,A,no,no,recorded,8,3,500,358523000,,0,pass,,
timing-Base64-NR26-panel-nr26-panel-baseline-base64-rxbvm-recorded-8,timing,Base64-NR26-panel,nr26-panel-baseline-base64-rxbvm,crexx,rxbvm,baseline-accepted-nr14,A,no,no,recorded,8,4,500,387579000,,0,pass,,
timing-Base64-NR26-panel-nr26-panel-baseline-base64-rxvm-recorded-9,timing,Base64-NR26-panel,nr26-panel-baseline-base64-rxvm,crexx,rxvm,baseline-accepted-nr14,A,no,no,recorded,9,1,500,323714000,,0,pass,,
timing-Base64-NR26-panel-nr26-panel-candidate-base64-rxvm-recorded-9,timing,Base64-NR26-panel,nr26-panel-candidate-base64-rxvm,crexx,rxvm,candidate-nr26-panel,A,no,no,recorded,9,2,500,322137000,,0,pass,,
timing-Base64-NR26-panel-nr26-panel-baseline-base64-rxbvm-recorded-9,timing,Base64-NR26-panel,nr26-panel-baseline-base64-rxbvm,crexx,rxbvm,baseline-accepted-nr14,A,no,no,recorded,9,3,500,321871000,,0,pass,,
timing-Base64-NR26-panel-nr26-panel-candidate-base64-rxbvm-recorded-9,timing,Base64-NR26-panel,nr26-panel-candidate-base64-rxbvm,crexx,rxbvm,candidate-nr26-panel,A,no,no,recorded,9,4,500,313592000,,0,pass,,
timing-Base64-NR26-panel-nr26-panel-candidate-base64-rxvm-recorded-10,timing,Base64-NR26-panel,nr26-panel-candidate-base64-rxvm,crexx,rxvm,candidate-nr26-panel,A,no,no,recorded,10,1,500,326419000,,0,pass,,
timing-Base64-NR26-panel-nr26-panel-baseline-base64-rxbvm-recorded-10,timing,Base64-NR26-panel,nr26-panel-baseline-base64-rxbvm,crexx,rxbvm,baseline-accepted-nr14,A,no,no,recorded,10,2,500,318492000,,0,pass,,
timing-Base64-NR26-panel-nr26-panel-candidate-base64-rxbvm-recorded-10,timing,Base64-NR26-panel,nr26-panel-candidate-base64-rxbvm,crexx,rxbvm,candidate-nr26-panel,A,no,no,recorded,10,3,500,272643000,,0,pass,,
timing-Base64-NR26-panel-nr26-panel-baseline-base64-rxvm-recorded-10,timing,Base64-NR26-panel,nr26-panel-baseline-base64-rxvm,crexx,rxvm,baseline-accepted-nr14,A,no,no,recorded,10,4,500,315315000,,0,pass,,
timing-Base64-NR26-panel-nr26-panel-baseline-base64-rxbvm-recorded-11,timing,Base64-NR26-panel,nr26-panel-baseline-base64-rxbvm,crexx,rxbvm,baseline-accepted-nr14,A,no,no,recorded,11,1,500,355163000,,0,pass,,
timing-Base64-NR26-panel-nr26-panel-candidate-base64-rxbvm-recorded-11,timing,Base64-NR26-panel,nr26-panel-candidate-base64-rxbvm,crexx,rxbvm,candidate-nr26-panel,A,no,no,recorded,11,2,500,349008000,,0,pass,,
timing-Base64-NR26-panel-nr26-panel-baseline-base64-rxvm-recorded-11,timing,Base64-NR26-panel,nr26-panel-baseline-base64-rxvm,crexx,rxvm,baseline-accepted-nr14,A,no,no,recorded,11,3,500,348330000,,0,pass,,
timing-Base64-NR26-panel-nr26-panel-candidate-base64-rxvm-recorded-11,timing,Base64-NR26-panel,nr26-panel-candidate-base64-rxvm,crexx,rxvm,candidate-nr26-panel,A,no,no,recorded,11,4,500,336605000,,0,pass,,
timing-Base64-NR26-panel-nr26-panel-candidate-base64-rxbvm-recorded-12,timing,Base64-NR26-panel,nr26-panel-candidate-base64-rxbvm,crexx,rxbvm,candidate-nr26-panel,A,no,no,recorded,12,1,500,277062000,,0,pass,,
timing-Base64-NR26-panel-nr26-panel-baseline-base64-rxvm-recorded-12,timing,Base64-NR26-panel,nr26-panel-baseline-base64-rxvm,crexx,rxvm,baseline-accepted-nr14,A,no,no,recorded,12,2,500,341187000,,0,pass,,
timing-Base64-NR26-panel-nr26-panel-candidate-base64-rxvm-recorded-12,timing,Base64-NR26-panel,nr26-panel-candidate-base64-rxvm,crexx,rxvm,candidate-nr26-panel,A,no,no,recorded,12,3,500,336843000,,0,pass,,
timing-Base64-NR26-panel-nr26-panel-baseline-base64-rxbvm-recorded-12,timing,Base64-NR26-panel,nr26-panel-baseline-base64-rxbvm,crexx,rxbvm,baseline-accepted-nr14,A,no,no,recorded,12,4,500,328633000,,0,pass,,
timing-RexxCPS-NR26-panel-nr26-panel-baseline-rexxcps-rxvm-recorded-1,timing,RexxCPS-NR26-panel,nr26-panel-baseline-rexxcps-rxvm,crexx,rxvm,baseline-accepted-nr14,A,no,no,recorded,1,1,1000-clauses,5600394000,,0,pass,1788247,cREXX clauses per second
timing-RexxCPS-NR26-panel-nr26-panel-candidate-rexxcps-rxvm-recorded-1,timing,RexxCPS-NR26-panel,nr26-panel-candidate-rexxcps-rxvm,crexx,rxvm,candidate-nr26-panel,A,no,no,recorded,1,2,1000-clauses,5607568000,,0,pass,1787109,cREXX clauses per second
timing-RexxCPS-NR26-panel-nr26-panel-baseline-rexxcps-rxbvm-recorded-1,timing,RexxCPS-NR26-panel,nr26-panel-baseline-rexxcps-rxbvm,crexx,rxbvm,baseline-accepted-nr14,A,no,no,recorded,1,3,1000-clauses,5624982000,,0,pass,1780385,cREXX clauses per second
timing-RexxCPS-NR26-panel-nr26-panel-candidate-rexxcps-rxbvm-recorded-1,timing,RexxCPS-NR26-panel,nr26-panel-candidate-rexxcps-rxbvm,crexx,rxbvm,candidate-nr26-panel,A,no,no,recorded,1,4,1000-clauses,5732113000,,0,pass,1747228,cREXX clauses per second
timing-RexxCPS-NR26-panel-nr26-panel-candidate-rexxcps-rxvm-recorded-2,timing,RexxCPS-NR26-panel,nr26-panel-candidate-rexxcps-rxvm,crexx,rxvm,candidate-nr26-panel,A,no,no,recorded,2,1,1000-clauses,5577706000,,0,pass,1795694,cREXX clauses per second
timing-RexxCPS-NR26-panel-nr26-panel-baseline-rexxcps-rxbvm-recorded-2,timing,RexxCPS-NR26-panel,nr26-panel-baseline-rexxcps-rxbvm,crexx,rxbvm,baseline-accepted-nr14,A,no,no,recorded,2,2,1000-clauses,5642212000,,0,pass,1774838,cREXX clauses per second
timing-RexxCPS-NR26-panel-nr26-panel-candidate-rexxcps-rxbvm-recorded-2,timing,RexxCPS-NR26-panel,nr26-panel-candidate-rexxcps-rxbvm,crexx,rxbvm,candidate-nr26-panel,A,no,no,recorded,2,3,1000-clauses,5683044000,,0,pass,1761990,cREXX clauses per second
timing-RexxCPS-NR26-panel-nr26-panel-baseline-rexxcps-rxvm-recorded-2,timing,RexxCPS-NR26-panel,nr26-panel-baseline-rexxcps-rxvm,crexx,rxvm,baseline-accepted-nr14,A,no,no,recorded,2,4,1000-clauses,5575626000,,0,pass,1796098,cREXX clauses per second
timing-RexxCPS-NR26-panel-nr26-panel-baseline-rexxcps-rxbvm-recorded-3,timing,RexxCPS-NR26-panel,nr26-panel-baseline-rexxcps-rxbvm,crexx,rxbvm,baseline-accepted-nr14,A,no,no,recorded,3,1,1000-clauses,5650530000,,0,pass,1772393,cREXX clauses per second
timing-RexxCPS-NR26-panel-nr26-panel-candidate-rexxcps-rxbvm-recorded-3,timing,RexxCPS-NR26-panel,nr26-panel-candidate-rexxcps-rxbvm,crexx,rxbvm,candidate-nr26-panel,A,no,no,recorded,3,2,1000-clauses,5641516000,,0,pass,1775357,cREXX clauses per second
timing-RexxCPS-NR26-panel-nr26-panel-baseline-rexxcps-rxvm-recorded-3,timing,RexxCPS-NR26-panel,nr26-panel-baseline-rexxcps-rxvm,crexx,rxvm,baseline-accepted-nr14,A,no,no,recorded,3,3,1000-clauses,5558680000,,0,pass,1801985,cREXX clauses per second
timing-RexxCPS-NR26-panel-nr26-panel-candidate-rexxcps-rxvm-recorded-3,timing,RexxCPS-NR26-panel,nr26-panel-candidate-rexxcps-rxvm,crexx,rxvm,candidate-nr26-panel,A,no,no,recorded,3,4,1000-clauses,5593686000,,0,pass,1790601,cREXX clauses per second
timing-RexxCPS-NR26-panel-nr26-panel-candidate-rexxcps-rxbvm-recorded-4,timing,RexxCPS-NR26-panel,nr26-panel-candidate-rexxcps-rxbvm,crexx,rxbvm,candidate-nr26-panel,A,no,no,recorded,4,1,1000-clauses,5596581000,,0,pass,1789494,cREXX clauses per second
timing-RexxCPS-NR26-panel-nr26-panel-baseline-rexxcps-rxvm-recorded-4,timing,RexxCPS-NR26-panel,nr26-panel-baseline-rexxcps-rxvm,crexx,rxvm,baseline-accepted-nr14,A,no,no,recorded,4,2,1000-clauses,5585096000,,0,pass,1793094,cREXX clauses per second
timing-RexxCPS-NR26-panel-nr26-panel-candidate-rexxcps-rxvm-recorded-4,timing,RexxCPS-NR26-panel,nr26-panel-candidate-rexxcps-rxvm,crexx,rxvm,candidate-nr26-panel,A,no,no,recorded,4,3,1000-clauses,5571662000,,0,pass,1797685,cREXX clauses per second
timing-RexxCPS-NR26-panel-nr26-panel-baseline-rexxcps-rxbvm-recorded-4,timing,RexxCPS-NR26-panel,nr26-panel-baseline-rexxcps-rxbvm,crexx,rxbvm,baseline-accepted-nr14,A,no,no,recorded,4,4,1000-clauses,5642739000,,0,pass,1774910,cREXX clauses per second
timing-RexxCPS-NR26-panel-nr26-panel-baseline-rexxcps-rxvm-recorded-5,timing,RexxCPS-NR26-panel,nr26-panel-baseline-rexxcps-rxvm,crexx,rxvm,baseline-accepted-nr14,A,no,no,recorded,5,1,1000-clauses,5616231000,,0,pass,1783248,cREXX clauses per second
timing-RexxCPS-NR26-panel-nr26-panel-candidate-rexxcps-rxvm-recorded-5,timing,RexxCPS-NR26-panel,nr26-panel-candidate-rexxcps-rxvm,crexx,rxvm,candidate-nr26-panel,A,no,no,recorded,5,2,1000-clauses,5598372000,,0,pass,1789118,cREXX clauses per second
timing-RexxCPS-NR26-panel-nr26-panel-baseline-rexxcps-rxbvm-recorded-5,timing,RexxCPS-NR26-panel,nr26-panel-baseline-rexxcps-rxbvm,crexx,rxbvm,baseline-accepted-nr14,A,no,no,recorded,5,3,1000-clauses,5650323000,,0,pass,1772723,cREXX clauses per second
timing-RexxCPS-NR26-panel-nr26-panel-candidate-rexxcps-rxbvm-recorded-5,timing,RexxCPS-NR26-panel,nr26-panel-candidate-rexxcps-rxbvm,crexx,rxbvm,candidate-nr26-panel,A,no,no,recorded,5,4,1000-clauses,5642588000,,0,pass,1774793,cREXX clauses per second
timing-RexxCPS-NR26-panel-nr26-panel-candidate-rexxcps-rxvm-recorded-6,timing,RexxCPS-NR26-panel,nr26-panel-candidate-rexxcps-rxvm,crexx,rxvm,candidate-nr26-panel,A,no,no,recorded,6,1,1000-clauses,5575420000,,0,pass,1796436,cREXX clauses per second
timing-RexxCPS-NR26-panel-nr26-panel-baseline-rexxcps-rxbvm-recorded-6,timing,RexxCPS-NR26-panel,nr26-panel-baseline-rexxcps-rxbvm,crexx,rxbvm,baseline-accepted-nr14,A,no,no,recorded,6,2,1000-clauses,5669980000,,0,pass,1766632,cREXX clauses per second
timing-RexxCPS-NR26-panel-nr26-panel-candidate-rexxcps-rxbvm-recorded-6,timing,RexxCPS-NR26-panel,nr26-panel-candidate-rexxcps-rxbvm,crexx,rxbvm,candidate-nr26-panel,A,no,no,recorded,6,3,1000-clauses,5641171000,,0,pass,1775521,cREXX clauses per second
timing-RexxCPS-NR26-panel-nr26-panel-baseline-rexxcps-rxvm-recorded-6,timing,RexxCPS-NR26-panel,nr26-panel-baseline-rexxcps-rxvm,crexx,rxvm,baseline-accepted-nr14,A,no,no,recorded,6,4,1000-clauses,5600715000,,0,pass,1788273,cREXX clauses per second
timing-RexxCPS-NR26-panel-nr26-panel-baseline-rexxcps-rxbvm-recorded-7,timing,RexxCPS-NR26-panel,nr26-panel-baseline-rexxcps-rxbvm,crexx,rxbvm,baseline-accepted-nr14,A,no,no,recorded,7,1,1000-clauses,5632531000,,0,pass,1778175,cREXX clauses per second
timing-RexxCPS-NR26-panel-nr26-panel-candidate-rexxcps-rxbvm-recorded-7,timing,RexxCPS-NR26-panel,nr26-panel-candidate-rexxcps-rxbvm,crexx,rxbvm,candidate-nr26-panel,A,no,no,recorded,7,2,1000-clauses,5599573000,,0,pass,1788253,cREXX clauses per second
timing-RexxCPS-NR26-panel-nr26-panel-baseline-rexxcps-rxvm-recorded-7,timing,RexxCPS-NR26-panel,nr26-panel-baseline-rexxcps-rxvm,crexx,rxvm,baseline-accepted-nr14,A,no,no,recorded,7,3,1000-clauses,5591187000,,0,pass,1791182,cREXX clauses per second
timing-RexxCPS-NR26-panel-nr26-panel-candidate-rexxcps-rxvm-recorded-7,timing,RexxCPS-NR26-panel,nr26-panel-candidate-rexxcps-rxvm,crexx,rxvm,candidate-nr26-panel,A,no,no,recorded,7,4,1000-clauses,5604151000,,0,pass,1787210,cREXX clauses per second
timing-RexxCPS-NR26-panel-nr26-panel-candidate-rexxcps-rxbvm-recorded-8,timing,RexxCPS-NR26-panel,nr26-panel-candidate-rexxcps-rxbvm,crexx,rxbvm,candidate-nr26-panel,A,no,no,recorded,8,1,1000-clauses,5644252000,,0,pass,1774480,cREXX clauses per second
timing-RexxCPS-NR26-panel-nr26-panel-baseline-rexxcps-rxvm-recorded-8,timing,RexxCPS-NR26-panel,nr26-panel-baseline-rexxcps-rxvm,crexx,rxvm,baseline-accepted-nr14,A,no,no,recorded,8,2,1000-clauses,5592947000,,0,pass,1790701,cREXX clauses per second
timing-RexxCPS-NR26-panel-nr26-panel-candidate-rexxcps-rxvm-recorded-8,timing,RexxCPS-NR26-panel,nr26-panel-candidate-rexxcps-rxvm,crexx,rxvm,candidate-nr26-panel,A,no,no,recorded,8,3,1000-clauses,5600867000,,0,pass,1789420,cREXX clauses per second
timing-RexxCPS-NR26-panel-nr26-panel-baseline-rexxcps-rxbvm-recorded-8,timing,RexxCPS-NR26-panel,nr26-panel-baseline-rexxcps-rxbvm,crexx,rxbvm,baseline-accepted-nr14,A,no,no,recorded,8,4,1000-clauses,5649199000,,0,pass,1773937,cREXX clauses per second
timing-RexxCPS-NR26-panel-nr26-panel-baseline-rexxcps-rxvm-recorded-9,timing,RexxCPS-NR26-panel,nr26-panel-baseline-rexxcps-rxvm,crexx,rxvm,baseline-accepted-nr14,A,no,no,recorded,9,1,1000-clauses,5587430000,,0,pass,1792800,cREXX clauses per second
timing-RexxCPS-NR26-panel-nr26-panel-candidate-rexxcps-rxvm-recorded-9,timing,RexxCPS-NR26-panel,nr26-panel-candidate-rexxcps-rxvm,crexx,rxvm,candidate-nr26-panel,A,no,no,recorded,9,2,1000-clauses,5581510000,,0,pass,1795736,cREXX clauses per second
timing-RexxCPS-NR26-panel-nr26-panel-baseline-rexxcps-rxbvm-recorded-9,timing,RexxCPS-NR26-panel,nr26-panel-baseline-rexxcps-rxbvm,crexx,rxbvm,baseline-accepted-nr14,A,no,no,recorded,9,3,1000-clauses,5642722000,,0,pass,1775952,cREXX clauses per second
timing-RexxCPS-NR26-panel-nr26-panel-candidate-rexxcps-rxbvm-recorded-9,timing,RexxCPS-NR26-panel,nr26-panel-candidate-rexxcps-rxbvm,crexx,rxbvm,candidate-nr26-panel,A,no,no,recorded,9,4,1000-clauses,5916442000,,0,pass,1692658,cREXX clauses per second
timing-RexxCPS-NR26-panel-nr26-panel-candidate-rexxcps-rxvm-recorded-10,timing,RexxCPS-NR26-panel,nr26-panel-candidate-rexxcps-rxvm,crexx,rxvm,candidate-nr26-panel,A,no,no,recorded,10,1,1000-clauses,5612696000,,0,pass,1784536,cREXX clauses per second
timing-RexxCPS-NR26-panel-nr26-panel-baseline-rexxcps-rxbvm-recorded-10,timing,RexxCPS-NR26-panel,nr26-panel-baseline-rexxcps-rxbvm,crexx,rxbvm,baseline-accepted-nr14,A,no,no,recorded,10,2,1000-clauses,5666661000,,0,pass,1768718,cREXX clauses per second
timing-RexxCPS-NR26-panel-nr26-panel-candidate-rexxcps-rxbvm-recorded-10,timing,RexxCPS-NR26-panel,nr26-panel-candidate-rexxcps-rxbvm,crexx,rxbvm,candidate-nr26-panel,A,no,no,recorded,10,3,1000-clauses,5652579000,,0,pass,1771524,cREXX clauses per second
timing-RexxCPS-NR26-panel-nr26-panel-baseline-rexxcps-rxvm-recorded-10,timing,RexxCPS-NR26-panel,nr26-panel-baseline-rexxcps-rxvm,crexx,rxvm,baseline-accepted-nr14,A,no,no,recorded,10,4,1000-clauses,5573587000,,0,pass,1797753,cREXX clauses per second
timing-RexxCPS-NR26-panel-nr26-panel-baseline-rexxcps-rxbvm-recorded-11,timing,RexxCPS-NR26-panel,nr26-panel-baseline-rexxcps-rxbvm,crexx,rxbvm,baseline-accepted-nr14,A,no,no,recorded,11,1,1000-clauses,5628796000,,0,pass,1779378,cREXX clauses per second
timing-RexxCPS-NR26-panel-nr26-panel-candidate-rexxcps-rxbvm-recorded-11,timing,RexxCPS-NR26-panel,nr26-panel-candidate-rexxcps-rxbvm,crexx,rxbvm,candidate-nr26-panel,A,no,no,recorded,11,2,1000-clauses,5652881000,,0,pass,1772010,cREXX clauses per second
timing-RexxCPS-NR26-panel-nr26-panel-baseline-rexxcps-rxvm-recorded-11,timing,RexxCPS-NR26-panel,nr26-panel-baseline-rexxcps-rxvm,crexx,rxvm,baseline-accepted-nr14,A,no,no,recorded,11,3,1000-clauses,5589425000,,0,pass,1791805,cREXX clauses per second
timing-RexxCPS-NR26-panel-nr26-panel-candidate-rexxcps-rxvm-recorded-11,timing,RexxCPS-NR26-panel,nr26-panel-candidate-rexxcps-rxvm,crexx,rxvm,candidate-nr26-panel,A,no,no,recorded,11,4,1000-clauses,5567148000,,0,pass,1798869,cREXX clauses per second
timing-RexxCPS-NR26-panel-nr26-panel-candidate-rexxcps-rxbvm-recorded-12,timing,RexxCPS-NR26-panel,nr26-panel-candidate-rexxcps-rxbvm,crexx,rxbvm,candidate-nr26-panel,A,no,no,recorded,12,1,1000-clauses,5658727000,,0,pass,1770045,cREXX clauses per second
timing-RexxCPS-NR26-panel-nr26-panel-baseline-rexxcps-rxvm-recorded-12,timing,RexxCPS-NR26-panel,nr26-panel-baseline-rexxcps-rxvm,crexx,rxvm,baseline-accepted-nr14,A,no,no,recorded,12,2,1000-clauses,5577078000,,0,pass,1795507,cREXX clauses per second
timing-RexxCPS-NR26-panel-nr26-panel-candidate-rexxcps-rxvm-recorded-12,timing,RexxCPS-NR26-panel,nr26-panel-candidate-rexxcps-rxvm,crexx,rxvm,candidate-nr26-panel,A,no,no,recorded,12,3,1000-clauses,5613687000,,0,pass,1784048,cREXX clauses per second
timing-RexxCPS-NR26-panel-nr26-panel-baseline-rexxcps-rxbvm-recorded-12,timing,RexxCPS-NR26-panel,nr26-panel-baseline-rexxcps-rxbvm,crexx,rxbvm,baseline-accepted-nr14,A,no,no,recorded,12,4,1000-clauses,5677310000,,0,pass,1763996,cREXX clauses per second
