section,name,value,id,count,total_ns,average_ns,min_ns,max_ns,percent,selected,entries,resumes,terminals,module,kind,completed,unwound,return_type,args,bytes,max_bytes,high_water,status
summary,schema_version,5,,0,0,0,0,0,0,,,,,,,,,,,,,,
summary,vm_mode,rxvm,,0,0,0,0,0,0,,,,,,,,,,,,,,
summary,profile_mode,counts,,0,0,0,0,0,0,,,,,,,,,,,,,,
summary,result,0,,0,0,0,0,0,0,,,,,,,,,,,,,,
summary,timer_read_min_ns,0,,1,0,0,0,0,0,,,,,,,,,,,,,,
summary,timer_zero_deltas,0,,0,0,0,0,0,0,,,,,,,,,,,,,,
summary,interrupt_polls,148701541,,0,0,0,0,0,0,,,,,,,,,,,,,,
summary,invalid_events,0,,0,0,0,0,0,0,,,,,,,,,,,,,,
summary,counter_overflow,0,,0,0,0,0,0,0,,,,,,,,,,,,,,
summary,procedure_tracking_unavailable,0,,0,0,0,0,0,0,,,,,,,,,,,,,,
summary,allocation_tracking_unavailable,0,,0,0,0,0,0,0,,,,,,,,,,,,,,
summary,census_tracking_unavailable,0,,0,0,0,0,0,0,,,,,,,,,,,,,,
summary,branch_tracking_unavailable,0,,0,0,0,0,0,0,,,,,,,,,,,,,,
status,"instructions","complete",,0,0,0,0,0,0,,,,,,,,,,,,,,"complete"
status,"procedures","complete",,0,0,0,0,0,0,,,,,,,,,,,,,,"complete"
status,"allocations","complete",,0,0,0,0,0,0,,,,,,,,,,,,,,"complete"
status,"call_census","complete",,0,0,0,0,0,0,,,,,,,,,,,,,,"complete"
status,"frame_entry","complete",,0,0,0,0,0,0,,,,,,,,,,,,,,"complete"
status,"value_operations","complete",,0,0,0,0,0,0,,,,,,,,,,,,,,"complete"
status,"branch_sites","complete",,0,0,0,0,0,0,,,,,,,,,,,,,,"complete"
instruction,LOAD_REG_INT,,1,15091851,0,0,0,0,0.000000,,,,,,,,,,,,,,
instruction,LOAD_REG_FLOAT,,2,406,0,0,0,0,0.000000,,,,,,,,,,,,,,
instruction,LOAD_REG_STRING,,3,5108531,0,0,0,0,0.000000,,,,,,,,,,,,,,
instruction,COPY_REG_REG,,8,850,0,0,0,0,0.000000,,,,,,,,,,,,,,
instruction,ICOPY_REG_REG,,9,843874,0,0,0,0,0.000000,,,,,,,,,,,,,,
instruction,FCOPY_REG_REG,,10,403,0,0,0,0,0.000000,,,,,,,,,,,,,,
instruction,SCOPY_REG_REG,,11,9786188,0,0,0,0,0.000000,,,,,,,,,,,,,,
instruction,DCOPY_REG_REG,,12,2780000,0,0,0,0,0.000000,,,,,,,,,,,,,,
instruction,NULL_REG,,14,12040253,0,0,0,0,0.000000,,,,,,,,,,,,,,
instruction,IADD_REG_REG_REG,,15,8,0,0,0,0,0.000000,,,,,,,,,,,,,,
instruction,IADD_REG_REG_INT,,16,560236,0,0,0,0,0.000000,,,,,,,,,,,,,,
instruction,ISUB_REG_REG_REG,,17,2240623,0,0,0,0,0.000000,,,,,,,,,,,,,,
instruction,ISUB_REG_REG_INT,,18,1400206,0,0,0,0,0.000000,,,,,,,,,,,,,,
instruction,ISUB_REG_INT_REG,,19,420,0,0,0,0,0.000000,,,,,,,,,,,,,,
instruction,INC_REG,,28,280200,0,0,0,0,0.000000,,,,,,,,,,,,,,
instruction,BR_ID,,36,3665430,0,0,0,0,0.000000,,,,,,,,,,,,,,
instruction,BRT_ID_REG,,37,1144161,0,0,0,0,0.000000,,,,,,,,,,,,,,
instruction,BRF_ID_REG,,38,12363670,0,0,0,0,0.000000,,,,,,,,,,,,,,
instruction,BRTF_ID_ID_REG,,39,1681228,0,0,0,0,0.000000,,,,,,,,,,,,,,
instruction,BEQ_ID_REG_INT,,41,841952,0,0,0,0,0.000000,,,,,,,,,,,,,,
instruction,BNE_ID_REG_REG,,42,560007,0,0,0,0,0.000000,,,,,,,,,,,,,,
instruction,BNE_ID_REG_INT,,43,1400735,0,0,0,0,0.000000,,,,,,,,,,,,,,
instruction,CALL_REG_FUNC,,45,300,0,0,0,0,0.000000,,,,,,,,,,,,,,
instruction,CALL_REG_FUNC_REG,,46,560604,0,0,0,0,0.000000,,,,,,,,,,,,,,
instruction,RET,,48,280416,0,0,0,0,0.000000,,,,,,,,,,,,,,
instruction,RET_REG,,49,3081524,0,0,0,0,0.000000,,,,,,,,,,,,,,
instruction,RET_INT,,50,903,0,0,0,0,0.000000,,,,,,,,,,,,,,
instruction,RET_STRING,,52,100,0,0,0,0,0.000000,,,,,,,,,,,,,,
instruction,SETOBJTYPE_REG_STRING,,56,3,0,0,0,0,0.000000,,,,,,,,,,,,,,
instruction,ASSERTINITIALIZED_REG,,85,16,0,0,0,0,0.000000,,,,,,,,,,,,,,
instruction,IEQ_REG_REG_REG,,100,560852,0,0,0,0,0.000000,,,,,,,,,,,,,,
instruction,IEQ_REG_REG_INT,,101,845183,0,0,0,0,0.000000,,,,,,,,,,,,,,
instruction,INE_REG_REG_INT,,103,4184,0,0,0,0,0.000000,,,,,,,,,,,,,,
instruction,IGT_REG_REG_REG,,104,303560,0,0,0,0,0.000000,,,,,,,,,,,,,,
instruction,IGT_REG_REG_INT,,105,840409,0,0,0,0,0.000000,,,,,,,,,,,,,,
instruction,IGTE_REG_REG_INT,,108,6,0,0,0,0,0.000000,,,,,,,,,,,,,,
instruction,ILT_REG_REG_REG,,110,839,0,0,0,0,0.000000,,,,,,,,,,,,,,
instruction,ILT_REG_REG_INT,,111,1964244,0,0,0,0,0.000000,,,,,,,,,,,,,,
instruction,ILT_REG_INT_REG,,112,560000,0,0,0,0,0.000000,,,,,,,,,,,,,,
instruction,SEQ_REG_REG_STRING,,117,302012,0,0,0,0,0.000000,,,,,,,,,,,,,,
instruction,CONCAT_REG_REG_REG,,134,4720009,0,0,0,0,0.000000,,,,,,,,,,,,,,
instruction,CONCAT_REG_REG_STRING,,135,4720000,0,0,0,0,0.000000,,,,,,,,,,,,,,
instruction,CONCAT_REG_STRING_REG,,136,560002,0,0,0,0,0.000000,,,,,,,,,,,,,,
instruction,SCONCAT_REG_REG_REG,,137,2,0,0,0,0,0.000000,,,,,,,,,,,,,,
instruction,SCONCAT_REG_REG_STRING,,138,280012,0,0,0,0,0.000000,,,,,,,,,,,,,,
instruction,SCONCAT_REG_STRING_REG,,139,5,0,0,0,0,0.000000,,,,,,,,,,,,,,
instruction,APPENDCHAR_REG_REG,,140,10,0,0,0,0,0.000000,,,,,,,,,,,,,,
instruction,APPEND_REG_REG,,143,3,0,0,0,0,0.000000,,,,,,,,,,,,,,
instruction,STRLEN_REG_REG,,149,2808108,0,0,0,0,0.000000,,,,,,,,,,,,,,
instruction,STRCHAR_REG_REG_REG,,150,433,0,0,0,0,0.000000,,,,,,,,,,,,,,
instruction,POSCHAR_REG_REG_REG,,153,9,0,0,0,0,0.000000,,,,,,,,,,,,,,
instruction,SETSTRPOS_REG_REG,,154,1400644,0,0,0,0,0.000000,,,,,,,,,,,,,,
instruction,STRLOWER_REG_REG,,157,16,0,0,0,0,0.000000,,,,,,,,,,,,,,
instruction,STRUPPER_REG_REG,,158,1120816,0,0,0,0,0.000000,,,,,,,,,,,,,,
instruction,SUBSTRING_REG_REG_REG,,161,1400644,0,0,0,0,0.000000,,,,,,,,,,,,,,
instruction,STRPOS_REG_REG_REG,,164,3200,0,0,0,0,0.000000,,,,,,,,,,,,,,
instruction,FNDBLNK_REG_REG_REG,,165,560001,0,0,0,0,0.000000,,,,,,,,,,,,,,
instruction,FNDNBLNK_REG_REG_REG,,166,560433,0,0,0,0,0.000000,,,,,,,,,,,,,,
instruction,NOT_REG_REG,,182,840232,0,0,0,0,0.000000,,,,,,,,,,,,,,
instruction,LINKATTR1_REG_REG_INT,,203,489,0,0,0,0,0.000000,,,,,,,,,,,,,,
instruction,UNLINK_REG,,213,579,0,0,0,0,0.000000,,,,,,,,,,,,,,
instruction,GETATTRS_REG_REG_INT,,215,3,0,0,0,0,0.000000,,,,,,,,,,,,,,
instruction,SETATTRS_REG_INT,,217,3,0,0,0,0,0.000000,,,,,,,,,,,,,,
instruction,BTOI_REG,,225,3002,0,0,0,0,0.000000,,,,,,,,,,,,,,
instruction,ITOS_REG,,229,6640009,0,0,0,0,0.000000,,,,,,,,,,,,,,
instruction,FTOS_REG,,230,402,0,0,0,0,0.000000,,,,,,,,,,,,,,
instruction,ITOF_REG,,231,400,0,0,0,0,0.000000,,,,,,,,,,,,,,
instruction,STOF_REG,,236,200,0,0,0,0,0.000000,,,,,,,,,,,,,,
instruction,STOI_REG,,237,1,0,0,0,0,0.000000,,,,,,,,,,,,,,
instruction,STOD_REG,,238,1660006,0,0,0,0,0.000000,,,,,,,,,,,,,,
instruction,DTOS_REG,,239,2500000,0,0,0,0,0.000000,,,,,,,,,,,,,,
instruction,SETNUMFUZ_INT,,249,4,0,0,0,0,0.000000,,,,,,,,,,,,,,
instruction,SETNUMCAS_INT,,255,2,0,0,0,0,0.000000,,,,,,,,,,,,,,
instruction,SETNUMSTD_INT,,258,4,0,0,0,0,0.000000,,,,,,,,,,,,,,
instruction,NUMSCI_INT_INT_INT,,260,3361739,0,0,0,0,0.000000,,,,,,,,,,,,,,
instruction,SWAPN_REG_REG_REG_REG_REG_REG,,265,2,0,0,0,0,0.000000,,,,,,,,,,,,,,
instruction,SWAPN_REG_REG_REG_REG_REG_REG_REG_REG,,266,6,0,0,0,0,0.000000,,,,,,,,,,,,,,
instruction,LOADSETTPSWAP_REG_INT_REG_INT_REG,,269,418,0,0,0,0,0.000000,,,,,,,,,,,,,,
instruction,NULLN_REG_REG_REG,,275,843203,0,0,0,0,0.000000,,,,,,,,,,,,,,
instruction,NULLN_REG_REG_REG_REG,,276,850,0,0,0,0,0.000000,,,,,,,,,,,,,,
instruction,SWAPCALL_REG_FUNC_REG_REG_REG,,280,802,0,0,0,0,0.000000,,,,,,,,,,,,,,
instruction,SETTPSWAPCALL_REG_FUNC_REG_REG_INT_REG,,281,100,0,0,0,0,0.000000,,,,,,,,,,,,,,
instruction,SETTPCALL_REG_FUNC_REG_REG_INT,,282,2520920,0,0,0,0,0.000000,,,,,,,,,,,,,,
instruction,UNLINKN_REG_REG,,283,16,0,0,0,0,0.000000,,,,,,,,,,,,,,
instruction,IGETUNLINK_REG_REG,,285,17,0,0,0,0,0.000000,,,,,,,,,,,,,,
instruction,MINLINKATTR1_REG_REG_INT,,293,3,0,0,0,0,0.000000,,,,,,,,,,,,,,
instruction,MINLINKATTR1_REG_REG_REG_INT,,294,136,0,0,0,0,0.000000,,,,,,,,,,,,,,
instruction,ITOF_REG_REG,,295,3,0,0,0,0,0.000000,,,,,,,,,,,,,,
instruction,FADD_REG_REG_REG,,300,200,0,0,0,0,0.000000,,,,,,,,,,,,,,
instruction,FSUB_REG_REG_REG,,302,1,0,0,0,0,0.000000,,,,,,,,,,,,,,
instruction,FDIV_REG_REG_REG,,307,3,0,0,0,0,0.000000,,,,,,,,,,,,,,
instruction,FDIV_REG_REG_FLOAT,,308,400,0,0,0,0,0.000000,,,,,,,,,,,,,,
instruction,FDIV_REG_FLOAT_REG,,309,1,0,0,0,0,0.000000,,,,,,,,,,,,,,
instruction,FGT_REG_REG_FLOAT,,321,1,0,0,0,0,0.000000,,,,,,,,,,,,,,
instruction,BCTP_ID_REG,,349,131,0,0,0,0,0.000000,,,,,,,,,,,,,,
instruction,BCF_ID_REG,,350,600200,0,0,0,0,0.000000,,,,,,,,,,,,,,
instruction,BGE_ID_REG_REG,,354,1400002,0,0,0,0,0.000000,,,,,,,,,,,,,,
instruction,BGE_ID_REG_INT,,355,2240636,0,0,0,0,0.000000,,,,,,,,,,,,,,
instruction,BLT_ID_REG_INT,,357,2,0,0,0,0,0.000000,,,,,,,,,,,,,,
instruction,BLE_ID_REG_REG,,358,2,0,0,0,0,0.000000,,,,,,,,,,,,,,
instruction,BLE_ID_REG_INT,,359,840203,0,0,0,0,0.000000,,,,,,,,,,,,,,
instruction,DADD_REG_REG_REG,,360,1400000,0,0,0,0,0.000000,,,,,,,,,,,,,,
instruction,DMULT_REG_REG_REG,,365,540000,0,0,0,0,0.000000,,,,,,,,,,,,,,
instruction,DEQ_REG_REG_REG,,376,560000,0,0,0,0,0.000000,,,,,,,,,,,,,,
instruction,DGT_REG_REG_REG,,380,1400000,0,0,0,0,0.000000,,,,,,,,,,,,,,
instruction,DLT_REG_REG_REG,,386,560000,0,0,0,0,0.000000,,,,,,,,,,,,,,
instruction,DLT_REG_REG_DECIMAL,,387,840000,0,0,0,0,0.000000,,,,,,,,,,,,,,
instruction,CALL1_REG_FUNC_REG,,401,200,0,0,0,0,0.000000,,,,,,,,,,,,,,
instruction,CALL2_REG_FUNC_REG_REG,,402,16,0,0,0,0,0.000000,,,,,,,,,,,,,,
instruction,CALL4_REG_FUNC_REG_REG_REG_REG,,404,280000,0,0,0,0,0.000000,,,,,,,,,,,,,,
instruction,PARSEWORDS3_REG_REG_REG_REG,,405,1400000,0,0,0,0,0.000000,,,,,,,,,,,,,,
instruction,ISETATTR1_REG_INT_REG,,406,734,0,0,0,0,0.000000,,,,,,,,,,,,,,
instruction,PARSEPOS2_REG_REG_REG_INT,,408,280000,0,0,0,0,0.000000,,,,,,,,,,,,,,
instruction,PARSEWORDS3D_REG_REG_REG_REG,,409,280000,0,0,0,0,0.000000,,,,,,,,,,,,,,
instruction,SAY_REG,,450,7,0,0,0,0,0.000000,,,,,,,,,,,,,,
instruction,SAY_STRING,,455,3,0,0,0,0,0.000000,,,,,,,,,,,,,,
instruction,MTIME_REG,,459,400,0,0,0,0,0.000000,,,,,,,,,,,,,,
instruction,RXVERS_REG,,461,1,0,0,0,0,0.000000,,,,,,,,,,,,,,
instruction,BPOFF,,495,300,0,0,0,0,0.000000,,,,,,,,,,,,,,
instruction,SWAP_REG_REG,,510,1961326,0,0,0,0,0.000000,,,,,,,,,,,,,,
instruction,ENDLIFE_REG,,514,20016,0,0,0,0,0.000000,,,,,,,,,,,,,,
instruction,SETTP_REG_INT,,517,4201298,0,0,0,0,0.000000,,,,,,,,,,,,,,
instruction,GETANDTP_REG_REG_INT,,522,840224,0,0,0,0,0.000000,,,,,,,,,,,,,,
instruction,BRTPANDT_ID_REG_INT,,524,3081264,0,0,0,0,0.000000,,,,,,,,,,,,,,
instruction,CNOP,,540,560000,0,0,0,0,0.000000,,,,,,,,,,,,,,
instruction,REQ_REG_REG_REG,,563,560319,0,0,0,0,0.000000,,,,,,,,,,,,,,
instruction,REQ_REG_REG_STRING,,564,2529365,0,0,0,0,0.000000,,,,,,,,,,,,,,
instruction,RNE_REG_REG_STRING,,567,560001,0,0,0,0,0.000000,,,,,,,,,,,,,,
instruction,STEMGET_REG_REG_REG,,642,2500000,0,0,0,0,0.000000,,,,,,,,,,,,,,
instruction,STEMSET_REG_REG_REG,,643,1380000,0,0,0,0,0.000000,,,,,,,,,,,,,,
instruction,STEMRESET_REG_REG,,644,280000,0,0,0,0,0.000000,,,,,,,,,,,,,,
transition,sequential_same_frame,,0,119767447,0,0,0,0,0.000000,,,,,,,,,,,,,,
transition,branch_same_frame,,1,22208209,0,0,0,0,0.000000,,,,,,,,,,,,,,
transition,call_enter_frame,,2,3362942,0,0,0,0,0.000000,,,,,,,,,,,,,,
transition,return_leave_frame,,3,3362942,0,0,0,0,0.000000,,,,,,,,,,,,,,
transition,external_entry,,6,1,0,0,0,0,0.000000,,,,,,,,,,,,,,
transition,terminal,,7,1,0,0,0,0,0.000000,,,,,,,,,,,,,,
interrupt,scan_all,,,0,0,0,0,0,0,,,,,,,,,,,,,,
interrupt,scan_without_selection,,,0,0,0,0,0,0,,,,,,,,,,,,,,
interrupt,mechanics_all,,,0,0,0,0,0,0,,,,,,,,,,,,,,
procedure,"_rxsysb._elapsed","elapsed",,1200,0,0,0,0,0,,,,,"/private/tmp/crexx-perf3-06.yHwy0b/src/lib/rxfnsb/rxas/_elapsed",procedure,1200,0,".int","value=.int",,,,
procedure,"_rxsysb._elapsed","inclusive_body",,1200,0,0,0,0,0,,,,,"/private/tmp/crexx-perf3-06.yHwy0b/src/lib/rxfnsb/rxas/_elapsed",procedure,1200,0,".int","value=.int",,,,
procedure,"_rxsysb._elapsed","self",,1200,0,0,0,0,0,,,,,"/private/tmp/crexx-perf3-06.yHwy0b/src/lib/rxfnsb/rxas/_elapsed",procedure,1200,0,".int","value=.int",,,,
procedure,"_rxsysb._elapsed","native_child",,1200,0,0,0,0,0,,,,,"/private/tmp/crexx-perf3-06.yHwy0b/src/lib/rxfnsb/rxas/_elapsed",procedure,1200,0,".int","value=.int",,,,
procedure,"_rxsysb._elapsed","entry_overhead",,1200,0,0,0,0,0,,,,,"/private/tmp/crexx-perf3-06.yHwy0b/src/lib/rxfnsb/rxas/_elapsed",procedure,1200,0,".int","value=.int",,,,
procedure,"_rxsysb._elapsed","exit_overhead",,1200,0,0,0,0,0,,,,,"/private/tmp/crexx-perf3-06.yHwy0b/src/lib/rxfnsb/rxas/_elapsed",procedure,1200,0,".int","value=.int",,,,
procedure,"_rxsysb._typedformat","elapsed",,2,0,0,0,0,0,,,,,"_typedformat",procedure,2,0,".string","number_text=.string,before=.int,before_exists=.boolean,after=.int,after_exists=.boolean,expp=.int,expp_exists=.boolean,expt=.int,expt_exists=.boolean",,,,
procedure,"_rxsysb._typedformat","inclusive_body",,2,0,0,0,0,0,,,,,"_typedformat",procedure,2,0,".string","number_text=.string,before=.int,before_exists=.boolean,after=.int,after_exists=.boolean,expp=.int,expp_exists=.boolean,expt=.int,expt_exists=.boolean",,,,
procedure,"_rxsysb._typedformat","self",,2,0,0,0,0,0,,,,,"_typedformat",procedure,2,0,".string","number_text=.string,before=.int,before_exists=.boolean,after=.int,after_exists=.boolean,expp=.int,expp_exists=.boolean,expt=.int,expt_exists=.boolean",,,,
procedure,"_rxsysb._typedformat","native_child",,2,0,0,0,0,0,,,,,"_typedformat",procedure,2,0,".string","number_text=.string,before=.int,before_exists=.boolean,after=.int,after_exists=.boolean,expp=.int,expp_exists=.boolean,expt=.int,expt_exists=.boolean",,,,
procedure,"_rxsysb._typedformat","entry_overhead",,2,0,0,0,0,0,,,,,"_typedformat",procedure,2,0,".string","number_text=.string,before=.int,before_exists=.boolean,after=.int,after_exists=.boolean,expp=.int,expp_exists=.boolean,expt=.int,expt_exists=.boolean",,,,
procedure,"_rxsysb._typedformat","exit_overhead",,2,0,0,0,0,0,,,,,"_typedformat",procedure,2,0,".string","number_text=.string,before=.int,before_exists=.boolean,after=.int,after_exists=.boolean,expp=.int,expp_exists=.boolean,expt=.int,expt_exists=.boolean",,,,
procedure,"rexxcps_levelb.__rxtrace_reset_display_state","elapsed",,100,0,0,0,0,0,,,,,"benchmark_rexxcps_levelb_noopt",procedure,100,0,".void","",,,,
procedure,"rexxcps_levelb.__rxtrace_reset_display_state","inclusive_body",,100,0,0,0,0,0,,,,,"benchmark_rexxcps_levelb_noopt",procedure,100,0,".void","",,,,
procedure,"rexxcps_levelb.__rxtrace_reset_display_state","self",,100,0,0,0,0,0,,,,,"benchmark_rexxcps_levelb_noopt",procedure,100,0,".void","",,,,
procedure,"rexxcps_levelb.__rxtrace_reset_display_state","native_child",,100,0,0,0,0,0,,,,,"benchmark_rexxcps_levelb_noopt",procedure,100,0,".void","",,,,
procedure,"rexxcps_levelb.__rxtrace_reset_display_state","entry_overhead",,100,0,0,0,0,0,,,,,"benchmark_rexxcps_levelb_noopt",procedure,100,0,".void","",,,,
procedure,"rexxcps_levelb.__rxtrace_reset_display_state","exit_overhead",,100,0,0,0,0,0,,,,,"benchmark_rexxcps_levelb_noopt",procedure,100,0,".void","",,,,
procedure,"rexxcps_levelb.cps_subroutine","elapsed",,280000,0,0,0,0,0,,,,,"benchmark_rexxcps_levelb_noopt",procedure,280000,0,".void","a1=.string,a2=.string,a3=.string,a4=.string",,,,
procedure,"rexxcps_levelb.cps_subroutine","inclusive_body",,280000,0,0,0,0,0,,,,,"benchmark_rexxcps_levelb_noopt",procedure,280000,0,".void","a1=.string,a2=.string,a3=.string,a4=.string",,,,
procedure,"rexxcps_levelb.cps_subroutine","self",,280000,0,0,0,0,0,,,,,"benchmark_rexxcps_levelb_noopt",procedure,280000,0,".void","a1=.string,a2=.string,a3=.string,a4=.string",,,,
procedure,"rexxcps_levelb.cps_subroutine","native_child",,280000,0,0,0,0,0,,,,,"benchmark_rexxcps_levelb_noopt",procedure,280000,0,".void","a1=.string,a2=.string,a3=.string,a4=.string",,,,
procedure,"rexxcps_levelb.cps_subroutine","entry_overhead",,280000,0,0,0,0,0,,,,,"benchmark_rexxcps_levelb_noopt",procedure,280000,0,".void","a1=.string,a2=.string,a3=.string,a4=.string",,,,
procedure,"rexxcps_levelb.cps_subroutine","exit_overhead",,280000,0,0,0,0,0,,,,,"benchmark_rexxcps_levelb_noopt",procedure,280000,0,".void","a1=.string,a2=.string,a3=.string,a4=.string",,,,
procedure,"rexxcps_levelb.main","elapsed",,1,0,0,0,0,0,,,,,"benchmark_rexxcps_levelb_noopt",procedure,1,0,".int","",,,,
procedure,"rexxcps_levelb.main","inclusive_body",,1,0,0,0,0,0,,,,,"benchmark_rexxcps_levelb_noopt",procedure,1,0,".int","",,,,
procedure,"rexxcps_levelb.main","self",,1,0,0,0,0,0,,,,,"benchmark_rexxcps_levelb_noopt",procedure,1,0,".int","",,,,
procedure,"rexxcps_levelb.main","native_child",,1,0,0,0,0,0,,,,,"benchmark_rexxcps_levelb_noopt",procedure,1,0,".int","",,,,
procedure,"rexxcps_levelb.main","entry_overhead",,1,0,0,0,0,0,,,,,"benchmark_rexxcps_levelb_noopt",procedure,1,0,".int","",,,,
procedure,"rexxcps_levelb.main","exit_overhead",,1,0,0,0,0,0,,,,,"benchmark_rexxcps_levelb_noopt",procedure,1,0,".int","",,,,
procedure,"rxfnsb._trace_current_mode","elapsed",,100,0,0,0,0,0,,,,,"trace",procedure,100,0,".string","",,,,
procedure,"rxfnsb._trace_current_mode","inclusive_body",,100,0,0,0,0,0,,,,,"trace",procedure,100,0,".string","",,,,
procedure,"rxfnsb._trace_current_mode","self",,100,0,0,0,0,0,,,,,"trace",procedure,100,0,".string","",,,,
procedure,"rxfnsb._trace_current_mode","native_child",,100,0,0,0,0,0,,,,,"trace",procedure,100,0,".string","",,,,
procedure,"rxfnsb._trace_current_mode","entry_overhead",,100,0,0,0,0,0,,,,,"trace",procedure,100,0,".string","",,,,
procedure,"rxfnsb._trace_current_mode","exit_overhead",,100,0,0,0,0,0,,,,,"trace",procedure,100,0,".string","",,,,
procedure,"rxfnsb._trace_ensure_runtime","elapsed",,200,0,0,0,0,0,,,,,"trace",procedure,200,0,".void","",,,,
procedure,"rxfnsb._trace_ensure_runtime","inclusive_body",,200,0,0,0,0,0,,,,,"trace",procedure,200,0,".void","",,,,
procedure,"rxfnsb._trace_ensure_runtime","self",,200,0,0,0,0,0,,,,,"trace",procedure,200,0,".void","",,,,
procedure,"rxfnsb._trace_ensure_runtime","native_child",,200,0,0,0,0,0,,,,,"trace",procedure,200,0,".void","",,,,
procedure,"rxfnsb._trace_ensure_runtime","entry_overhead",,200,0,0,0,0,0,,,,,"trace",procedure,200,0,".void","",,,,
procedure,"rxfnsb._trace_ensure_runtime","exit_overhead",,200,0,0,0,0,0,,,,,"trace",procedure,200,0,".void","",,,,
procedure,"rxfnsb._trace_mode_from_option","elapsed",,100,0,0,0,0,0,,,,,"trace",procedure,100,0,".string","option=.string",,,,
procedure,"rxfnsb._trace_mode_from_option","inclusive_body",,100,0,0,0,0,0,,,,,"trace",procedure,100,0,".string","option=.string",,,,
procedure,"rxfnsb._trace_mode_from_option","self",,100,0,0,0,0,0,,,,,"trace",procedure,100,0,".string","option=.string",,,,
procedure,"rxfnsb._trace_mode_from_option","native_child",,100,0,0,0,0,0,,,,,"trace",procedure,100,0,".string","option=.string",,,,
procedure,"rxfnsb._trace_mode_from_option","entry_overhead",,100,0,0,0,0,0,,,,,"trace",procedure,100,0,".string","option=.string",,,,
procedure,"rxfnsb._trace_mode_from_option","exit_overhead",,100,0,0,0,0,0,,,,,"trace",procedure,100,0,".string","option=.string",,,,
procedure,"rxfnsb._trace_normalize_mode","elapsed",,200,0,0,0,0,0,,,,,"trace",procedure,200,0,".string","mode=.string",,,,
procedure,"rxfnsb._trace_normalize_mode","inclusive_body",,200,0,0,0,0,0,,,,,"trace",procedure,200,0,".string","mode=.string",,,,
procedure,"rxfnsb._trace_normalize_mode","self",,200,0,0,0,0,0,,,,,"trace",procedure,200,0,".string","mode=.string",,,,
procedure,"rxfnsb._trace_normalize_mode","native_child",,200,0,0,0,0,0,,,,,"trace",procedure,200,0,".string","mode=.string",,,,
procedure,"rxfnsb._trace_normalize_mode","entry_overhead",,200,0,0,0,0,0,,,,,"trace",procedure,200,0,".string","mode=.string",,,,
procedure,"rxfnsb._trace_normalize_mode","exit_overhead",,200,0,0,0,0,0,,,,,"trace",procedure,200,0,".string","mode=.string",,,,
procedure,"rxfnsb._trace_set","elapsed",,100,0,0,0,0,0,,,,,"trace",procedure,100,0,".void","mode=.string",,,,
procedure,"rxfnsb._trace_set","inclusive_body",,100,0,0,0,0,0,,,,,"trace",procedure,100,0,".void","mode=.string",,,,
procedure,"rxfnsb._trace_set","self",,100,0,0,0,0,0,,,,,"trace",procedure,100,0,".void","mode=.string",,,,
procedure,"rxfnsb._trace_set","native_child",,100,0,0,0,0,0,,,,,"trace",procedure,100,0,".void","mode=.string",,,,
procedure,"rxfnsb._trace_set","entry_overhead",,100,0,0,0,0,0,,,,,"trace",procedure,100,0,".void","mode=.string",,,,
procedure,"rxfnsb._trace_set","exit_overhead",,100,0,0,0,0,0,,,,,"trace",procedure,100,0,".void","mode=.string",,,,
procedure,"rxfnsb._trace_set_off","elapsed",,100,0,0,0,0,0,,,,,"trace",procedure,100,0,".int","",,,,
procedure,"rxfnsb._trace_set_off","inclusive_body",,100,0,0,0,0,0,,,,,"trace",procedure,100,0,".int","",,,,
procedure,"rxfnsb._trace_set_off","self",,100,0,0,0,0,0,,,,,"trace",procedure,100,0,".int","",,,,
procedure,"rxfnsb._trace_set_off","native_child",,100,0,0,0,0,0,,,,,"trace",procedure,100,0,".int","",,,,
procedure,"rxfnsb._trace_set_off","entry_overhead",,100,0,0,0,0,0,,,,,"trace",procedure,100,0,".int","",,,,
procedure,"rxfnsb._trace_set_off","exit_overhead",,100,0,0,0,0,0,,,,,"trace",procedure,100,0,".int","",,,,
procedure,"rxfnsb.floatformat","elapsed",,2,0,0,0,0,0,,,,,"floatformat",procedure,2,0,".string","number=.float,?before=.int,?after=.int,?expp=.int,?expt=.int",,,,
procedure,"rxfnsb.floatformat","inclusive_body",,2,0,0,0,0,0,,,,,"floatformat",procedure,2,0,".string","number=.float,?before=.int,?after=.int,?expp=.int,?expt=.int",,,,
procedure,"rxfnsb.floatformat","self",,2,0,0,0,0,0,,,,,"floatformat",procedure,2,0,".string","number=.float,?before=.int,?after=.int,?expp=.int,?expt=.int",,,,
procedure,"rxfnsb.floatformat","native_child",,2,0,0,0,0,0,,,,,"floatformat",procedure,2,0,".string","number=.float,?before=.int,?after=.int,?expp=.int,?expt=.int",,,,
procedure,"rxfnsb.floatformat","entry_overhead",,2,0,0,0,0,0,,,,,"floatformat",procedure,2,0,".string","number=.float,?before=.int,?after=.int,?expp=.int,?expt=.int",,,,
procedure,"rxfnsb.floatformat","exit_overhead",,2,0,0,0,0,0,,,,,"floatformat",procedure,2,0,".string","number=.float,?before=.int,?after=.int,?expp=.int,?expt=.int",,,,
procedure,"rxfnsb.left","elapsed",,1,0,0,0,0,0,,,,,"left",procedure,1,0,".string","string=.string,width=.int,?pad=.string",,,,
procedure,"rxfnsb.left","inclusive_body",,1,0,0,0,0,0,,,,,"left",procedure,1,0,".string","string=.string,width=.int,?pad=.string",,,,
procedure,"rxfnsb.left","self",,1,0,0,0,0,0,,,,,"left",procedure,1,0,".string","string=.string,width=.int,?pad=.string",,,,
procedure,"rxfnsb.left","native_child",,1,0,0,0,0,0,,,,,"left",procedure,1,0,".string","string=.string,width=.int,?pad=.string",,,,
procedure,"rxfnsb.left","entry_overhead",,1,0,0,0,0,0,,,,,"left",procedure,1,0,".string","string=.string,width=.int,?pad=.string",,,,
procedure,"rxfnsb.left","exit_overhead",,1,0,0,0,0,0,,,,,"left",procedure,1,0,".string","string=.string,width=.int,?pad=.string",,,,
procedure,"rxfnsb.length","elapsed",,560000,0,0,0,0,0,,,,,"length",procedure,560000,0,".int","string=.string",,,,
procedure,"rxfnsb.length","inclusive_body",,560000,0,0,0,0,0,,,,,"length",procedure,560000,0,".int","string=.string",,,,
procedure,"rxfnsb.length","self",,560000,0,0,0,0,0,,,,,"length",procedure,560000,0,".int","string=.string",,,,
procedure,"rxfnsb.length","native_child",,560000,0,0,0,0,0,,,,,"length",procedure,560000,0,".int","string=.string",,,,
procedure,"rxfnsb.length","entry_overhead",,560000,0,0,0,0,0,,,,,"length",procedure,560000,0,".int","string=.string",,,,
procedure,"rxfnsb.length","exit_overhead",,560000,0,0,0,0,0,,,,,"length",procedure,560000,0,".int","string=.string",,,,
procedure,"rxfnsb.pos","elapsed",,200,0,0,0,0,0,,,,,"pos",procedure,200,0,".int","needle=.string,haystack=.string,?start=.int",,,,
procedure,"rxfnsb.pos","inclusive_body",,200,0,0,0,0,0,,,,,"pos",procedure,200,0,".int","needle=.string,haystack=.string,?start=.int",,,,
procedure,"rxfnsb.pos","self",,200,0,0,0,0,0,,,,,"pos",procedure,200,0,".int","needle=.string,haystack=.string,?start=.int",,,,
procedure,"rxfnsb.pos","native_child",,200,0,0,0,0,0,,,,,"pos",procedure,200,0,".int","needle=.string,haystack=.string,?start=.int",,,,
procedure,"rxfnsb.pos","entry_overhead",,200,0,0,0,0,0,,,,,"pos",procedure,200,0,".int","needle=.string,haystack=.string,?start=.int",,,,
procedure,"rxfnsb.pos","exit_overhead",,200,0,0,0,0,0,,,,,"pos",procedure,200,0,".int","needle=.string,haystack=.string,?start=.int",,,,
procedure,"rxfnsb.stem.§factory","elapsed",,2,0,0,0,0,0,,,,,"stem",factory,2,0,".rxfnsb..stem","",,,,
procedure,"rxfnsb.stem.§factory","inclusive_body",,2,0,0,0,0,0,,,,,"stem",factory,2,0,".rxfnsb..stem","",,,,
procedure,"rxfnsb.stem.§factory","self",,2,0,0,0,0,0,,,,,"stem",factory,2,0,".rxfnsb..stem","",,,,
procedure,"rxfnsb.stem.§factory","native_child",,2,0,0,0,0,0,,,,,"stem",factory,2,0,".rxfnsb..stem","",,,,
procedure,"rxfnsb.stem.§factory","entry_overhead",,2,0,0,0,0,0,,,,,"stem",factory,2,0,".rxfnsb..stem","",,,,
procedure,"rxfnsb.stem.§factory","exit_overhead",,2,0,0,0,0,0,,,,,"stem",factory,2,0,".rxfnsb..stem","",,,,
procedure,"rxfnsb.strip","elapsed",,216,0,0,0,0,0,,,,,"strip",procedure,216,0,".string","string=.string,?option=.string,?char=.string",,,,
procedure,"rxfnsb.strip","inclusive_body",,216,0,0,0,0,0,,,,,"strip",procedure,216,0,".string","string=.string,?option=.string,?char=.string",,,,
procedure,"rxfnsb.strip","self",,216,0,0,0,0,0,,,,,"strip",procedure,216,0,".string","string=.string,?option=.string,?char=.string",,,,
procedure,"rxfnsb.strip","native_child",,216,0,0,0,0,0,,,,,"strip",procedure,216,0,".string","string=.string,?option=.string,?char=.string",,,,
procedure,"rxfnsb.strip","entry_overhead",,216,0,0,0,0,0,,,,,"strip",procedure,216,0,".string","string=.string,?option=.string,?char=.string",,,,
procedure,"rxfnsb.strip","exit_overhead",,216,0,0,0,0,0,,,,,"strip",procedure,216,0,".string","string=.string,?option=.string,?char=.string",,,,
procedure,"rxfnsb.substr","elapsed",,840000,0,0,0,0,0,,,,,"substr",procedure,840000,0,".string","string=.string,start=.int,?length=.int,?pad=.string",,,,
procedure,"rxfnsb.substr","inclusive_body",,840000,0,0,0,0,0,,,,,"substr",procedure,840000,0,".string","string=.string,start=.int,?length=.int,?pad=.string",,,,
procedure,"rxfnsb.substr","self",,840000,0,0,0,0,0,,,,,"substr",procedure,840000,0,".string","string=.string,start=.int,?length=.int,?pad=.string",,,,
procedure,"rxfnsb.substr","native_child",,840000,0,0,0,0,0,,,,,"substr",procedure,840000,0,".string","string=.string,start=.int,?length=.int,?pad=.string",,,,
procedure,"rxfnsb.substr","entry_overhead",,840000,0,0,0,0,0,,,,,"substr",procedure,840000,0,".string","string=.string,start=.int,?length=.int,?pad=.string",,,,
procedure,"rxfnsb.substr","exit_overhead",,840000,0,0,0,0,0,,,,,"substr",procedure,840000,0,".string","string=.string,start=.int,?length=.int,?pad=.string",,,,
procedure,"rxfnsb.time","elapsed",,400,0,0,0,0,0,,,,,"time",procedure,400,0,".string","?option=.string",,,,
procedure,"rxfnsb.time","inclusive_body",,400,0,0,0,0,0,,,,,"time",procedure,400,0,".string","?option=.string",,,,
procedure,"rxfnsb.time","self",,400,0,0,0,0,0,,,,,"time",procedure,400,0,".string","?option=.string",,,,
procedure,"rxfnsb.time","native_child",,400,0,0,0,0,0,,,,,"time",procedure,400,0,".string","?option=.string",,,,
procedure,"rxfnsb.time","entry_overhead",,400,0,0,0,0,0,,,,,"time",procedure,400,0,".string","?option=.string",,,,
procedure,"rxfnsb.time","exit_overhead",,400,0,0,0,0,0,,,,,"time",procedure,400,0,".string","?option=.string",,,,
procedure,"rxfnsb.tracecontroller.add_suppressed_namespace","elapsed",,16,0,0,0,0,0,,,,,"trace",method,16,0,".void","namespace_name=.string",,,,
procedure,"rxfnsb.tracecontroller.add_suppressed_namespace","inclusive_body",,16,0,0,0,0,0,,,,,"trace",method,16,0,".void","namespace_name=.string",,,,
procedure,"rxfnsb.tracecontroller.add_suppressed_namespace","self",,16,0,0,0,0,0,,,,,"trace",method,16,0,".void","namespace_name=.string",,,,
procedure,"rxfnsb.tracecontroller.add_suppressed_namespace","native_child",,16,0,0,0,0,0,,,,,"trace",method,16,0,".void","namespace_name=.string",,,,
procedure,"rxfnsb.tracecontroller.add_suppressed_namespace","entry_overhead",,16,0,0,0,0,0,,,,,"trace",method,16,0,".void","namespace_name=.string",,,,
procedure,"rxfnsb.tracecontroller.add_suppressed_namespace","exit_overhead",,16,0,0,0,0,0,,,,,"trace",method,16,0,".void","namespace_name=.string",,,,
procedure,"rxfnsb.upper","elapsed",,1120000,0,0,0,0,0,,,,,"upper",procedure,1120000,0,".string","string=.string",,,,
procedure,"rxfnsb.upper","inclusive_body",,1120000,0,0,0,0,0,,,,,"upper",procedure,1120000,0,".string","string=.string",,,,
procedure,"rxfnsb.upper","self",,1120000,0,0,0,0,0,,,,,"upper",procedure,1120000,0,".string","string=.string",,,,
procedure,"rxfnsb.upper","native_child",,1120000,0,0,0,0,0,,,,,"upper",procedure,1120000,0,".string","string=.string",,,,
procedure,"rxfnsb.upper","entry_overhead",,1120000,0,0,0,0,0,,,,,"upper",procedure,1120000,0,".string","string=.string",,,,
procedure,"rxfnsb.upper","exit_overhead",,1120000,0,0,0,0,0,,,,,"upper",procedure,1120000,0,".string","string=.string",,,,
procedure,"rxfnsb.verify","elapsed",,1,0,0,0,0,0,,,,,"verify",procedure,1,0,".int","expose string=.string,expose refchars=.string,?option=.string,?start=.int",,,,
procedure,"rxfnsb.verify","inclusive_body",,1,0,0,0,0,0,,,,,"verify",procedure,1,0,".int","expose string=.string,expose refchars=.string,?option=.string,?start=.int",,,,
procedure,"rxfnsb.verify","self",,1,0,0,0,0,0,,,,,"verify",procedure,1,0,".int","expose string=.string,expose refchars=.string,?option=.string,?start=.int",,,,
procedure,"rxfnsb.verify","native_child",,1,0,0,0,0,0,,,,,"verify",procedure,1,0,".int","expose string=.string,expose refchars=.string,?option=.string,?start=.int",,,,
procedure,"rxfnsb.verify","entry_overhead",,1,0,0,0,0,0,,,,,"verify",procedure,1,0,".int","expose string=.string,expose refchars=.string,?option=.string,?start=.int",,,,
procedure,"rxfnsb.verify","exit_overhead",,1,0,0,0,0,0,,,,,"verify",procedure,1,0,".int","expose string=.string,expose refchars=.string,?option=.string,?start=.int",,,,
procedure,"rxfnsb.version","elapsed",,1,0,0,0,0,0,,,,,"version",procedure,1,0,".string","",,,,
procedure,"rxfnsb.version","inclusive_body",,1,0,0,0,0,0,,,,,"version",procedure,1,0,".string","",,,,
procedure,"rxfnsb.version","self",,1,0,0,0,0,0,,,,,"version",procedure,1,0,".string","",,,,
procedure,"rxfnsb.version","native_child",,1,0,0,0,0,0,,,,,"version",procedure,1,0,".string","",,,,
procedure,"rxfnsb.version","entry_overhead",,1,0,0,0,0,0,,,,,"version",procedure,1,0,".string","",,,,
procedure,"rxfnsb.version","exit_overhead",,1,0,0,0,0,0,,,,,"version",procedure,1,0,".string","",,,,
procedure,"rxfnsb.word","elapsed",,560001,0,0,0,0,0,,,,,"word",procedure,560001,0,".string","string=.string,wordnum=.int",,,,
procedure,"rxfnsb.word","inclusive_body",,560001,0,0,0,0,0,,,,,"word",procedure,560001,0,".string","string=.string,wordnum=.int",,,,
procedure,"rxfnsb.word","self",,560001,0,0,0,0,0,,,,,"word",procedure,560001,0,".string","string=.string,wordnum=.int",,,,
procedure,"rxfnsb.word","native_child",,560001,0,0,0,0,0,,,,,"word",procedure,560001,0,".string","string=.string,wordnum=.int",,,,
procedure,"rxfnsb.word","entry_overhead",,560001,0,0,0,0,0,,,,,"word",procedure,560001,0,".string","string=.string,wordnum=.int",,,,
procedure,"rxfnsb.word","exit_overhead",,560001,0,0,0,0,0,,,,,"word",procedure,560001,0,".string","string=.string,wordnum=.int",,,,
allocation,frame_blocks,,,24,0,0,0,0,0,,,,,,,,,,,136976,28256,0,complete
allocation,standalone_values,,,39,0,0,0,0,0,,,,,,,,,,,9672,248,0,complete
allocation,attribute_value_blocks,,,18,0,0,0,0,0,,,,,,,,,,,47616,7936,0,complete
allocation,attribute_pointer_storage,,,49,0,0,0,0,0,,,,,,,,,,,4544,256,0,complete
allocation,string_buffers,,,2200029,0,0,0,0,0,,,,,,,,,,,70402560,128,0,complete
allocation,binary_buffers,,,2,0,0,0,0,0,,,,,,,,,,,4096,2048,0,complete
allocation,value_slots,,,701,0,0,0,0,0,,,,,,,,,,,173848,26040,0,complete
allocation,frame_activations,,,3362943,0,0,0,0,0,,,,,,,,,,,0,0,5,complete
allocation,frame_reuses,,,3362919,0,0,0,0,0,,,,,,,,,,,0,0,0,complete
value_operation,"copy","empty",,20,0,0,0,0,0,,,,,,,,,,,0,0,,"complete"
value_operation,"copy","scalar",,807,0,0,0,0,0,,,,,,,,,,,0,0,,"complete"
value_operation,"copy","string",,260,0,0,0,0,0,,,,,,,,,,,1730,14,,"complete"
value_operation,"copy","object",,32,0,0,0,0,0,,,,,,,,,,,2152,216,,"complete"
value_operation,"string_copy","scalar",,560307,0,0,0,0,0,,,,,,,,,,,0,0,,"complete"
value_operation,"string_copy","string",,7845883,0,0,0,0,0,,,,,,,,,,,86538013,56,,"complete"
value_operation,"string_copy","compound",,1379998,0,0,0,0,0,,,,,,,,,,,66399908,51,,"complete"
value_operation,"decimal_copy","decimal",,2780000,0,0,0,0,0,,,,,,,,,,,122320000,44,,"complete"
value_operation,"integer_copy","scalar",,843874,0,0,0,0,0,,,,,,,,,,,6750992,8,,"complete"
value_operation,"float_copy","scalar",,403,0,0,0,0,0,,,,,,,,,,,3224,8,,"complete"
value_operation,"move","empty",,200,0,0,0,0,0,,,,,,,,,,,0,0,,"complete"
value_operation,"move","scalar",,560399,0,0,0,0,0,,,,,,,,,,,0,0,,"complete"
value_operation,"move","string",,2520923,0,0,0,0,0,,,,,,,,,,,11484877,56,,"complete"
value_operation,"move","object",,2,0,0,0,0,0,,,,,,,,,,,64,32,,"complete"
value_operation,"clear_contents","empty",,700,0,0,0,0,0,,,,,,,,,,,0,0,,"complete"
value_operation,"clear_contents","scalar",,729,0,0,0,0,0,,,,,,,,,,,0,0,,"complete"
value_operation,"clear_contents","string",,2240893,0,0,0,0,0,,,,,,,,,,,8225611,60,,"complete"
value_operation,"clear_contents","decimal",,1,0,0,0,0,0,,,,,,,,,,,44,44,,"complete"
value_operation,"clear_contents","object",,9,0,0,0,0,0,,,,,,,,,,,728,216,,"complete"
value_operation,"clear_contents","compound",,840014,0,0,0,0,0,,,,,,,,,,,42103308,1368,,"complete"
value_operation,"reset_reuse","empty",,2,0,0,0,0,0,,,,,,,,,,,0,0,,"complete"
value_operation,"reset_reuse","string",,105,0,0,0,0,0,,,,,,,,,,,685,14,,"complete"
value_operation,"destroy","empty",,531,0,0,0,0,0,,,,,,,,,,,0,0,,"complete"
value_operation,"destroy","scalar",,729,0,0,0,0,0,,,,,,,,,,,0,0,,"complete"
value_operation,"destroy","string",,2240893,0,0,0,0,0,,,,,,,,,,,8225611,60,,"complete"
value_operation,"destroy","decimal",,1,0,0,0,0,0,,,,,,,,,,,44,44,,"complete"
value_operation,"destroy","object",,9,0,0,0,0,0,,,,,,,,,,,728,216,,"complete"
value_operation,"destroy","compound",,840014,0,0,0,0,0,,,,,,,,,,,42103308,1368,,"complete"
value_operation,"clear","empty",,250,0,0,0,0,0,,,,,,,,,,,0,0,,"complete"
value_operation,"clear","scalar",,121,0,0,0,0,0,,,,,,,,,,,0,0,,"complete"
value_operation,"clear","string",,117,0,0,0,0,0,,,,,,,,,,,964,56,,"complete"
value_operation,"clear","decimal",,1,0,0,0,0,0,,,,,,,,,,,44,44,,"complete"
value_operation,"clear","object",,5,0,0,0,0,0,,,,,,,,,,,488,216,,"complete"
value_operation,"clear","compound",,15,0,0,0,0,0,,,,,,,,,,,3361,1368,,"complete"
frame_entry,"local_relink","fresh",446,24,0,0,0,0,0,,,,,,,,,,,,,,"complete"
frame_entry,"local_relink","reused",30832727,3362919,0,0,0,0,0,,,,,,,,,,,,,,"complete"
frame_entry,"global_relink","fresh",74,24,0,0,0,0,0,,,,,,,,,,,,,,"complete"
frame_entry,"global_relink","reused",849973,3362919,0,0,0,0,0,,,,,,,,,,,,,,"complete"
frame_entry,"argument_count_reset","fresh",24,24,0,0,0,0,0,,,,,,,,,,,,,,"complete"
frame_entry,"argument_count_reset","reused",3362919,3362919,0,0,0,0,0,,,,,,,,,,,,,,"complete"
frame_entry,"inherited_context","fresh",23,23,0,0,0,0,0,,,,,,,,,,,,,,"complete"
frame_entry,"inherited_context","reused",3362919,3362919,0,0,0,0,0,,,,,,,,,,,,,,"complete"
frame_entry,"root_context","fresh",1,1,0,0,0,0,0,,,,,,,,,,,,,,"complete"
frame_entry,"finalize","fresh",24,24,0,0,0,0,0,,,,,,,,,,,,,,"complete"
frame_entry,"finalize","reused",3362919,3362919,0,0,0,0,0,,,,,,,,,,,,,,"complete"
branch,"BRTPANDT_ID_REG_INT",,8,1,0,0,0,0,0,0,1,0,0,"benchmark_rexxcps_levelb_noopt",branch_site,,,,,,,,"complete"
branch,"BR_ID",,15,1,0,0,0,0,0,1,0,0,0,"benchmark_rexxcps_levelb_noopt",branch_site,,,,,,,,"complete"
branch,"BRF_ID_REG",,40,1,0,0,0,0,0,0,1,0,0,"benchmark_rexxcps_levelb_noopt",branch_site,,,,,,,,"complete"
branch,"BRF_ID_REG",,51,1,0,0,0,0,0,1,0,0,0,"benchmark_rexxcps_levelb_noopt",branch_site,,,,,,,,"complete"
branch,"BRF_ID_REG",,76,1,0,0,0,0,0,1,0,0,0,"benchmark_rexxcps_levelb_noopt",branch_site,,,,,,,,"complete"
branch,"BRTPANDT_ID_REG_INT",,4,1,0,0,0,0,0,0,1,0,0,"verify",branch_site,,,,,,,,"complete"
branch,"BR_ID",,14,1,0,0,0,0,0,1,0,0,0,"verify",branch_site,,,,,,,,"complete"
branch,"BRTPANDT_ID_REG_INT",,31,1,0,0,0,0,0,0,1,0,0,"verify",branch_site,,,,,,,,"complete"
branch,"BNE_ID_REG_INT",,49,1,0,0,0,0,0,1,0,0,0,"verify",branch_site,,,,,,,,"complete"
branch,"BRT_ID_REG",,64,1,0,0,0,0,0,0,1,0,0,"verify",branch_site,,,,,,,,"complete"
branch,"BRF_ID_REG",,71,1,0,0,0,0,0,1,0,0,0,"verify",branch_site,,,,,,,,"complete"
branch,"BEQ_ID_REG_INT",,79,1,0,0,0,0,0,1,0,0,0,"verify",branch_site,,,,,,,,"complete"
branch,"BR_ID",,93,1,0,0,0,0,0,1,0,0,0,"verify",branch_site,,,,,,,,"complete"
branch,"BRF_ID_REG",,102,1,0,0,0,0,0,1,0,0,0,"verify",branch_site,,,,,,,,"complete"
branch,"BEQ_ID_REG_INT",,111,1,0,0,0,0,0,0,1,0,0,"verify",branch_site,,,,,,,,"complete"
branch,"BRF_ID_REG",,119,1,0,0,0,0,0,1,0,0,0,"verify",branch_site,,,,,,,,"complete"
branch,"BRF_ID_REG",,131,1,0,0,0,0,0,1,0,0,0,"verify",branch_site,,,,,,,,"complete"
branch,"BRT_ID_REG",,153,4,0,0,0,0,0,1,3,0,0,"verify",branch_site,,,,,,,,"complete"
branch,"BRF_ID_REG",,168,3,0,0,0,0,0,0,3,0,0,"verify",branch_site,,,,,,,,"complete"
branch,"BNE_ID_REG_REG",,178,3,0,0,0,0,0,3,0,0,0,"verify",branch_site,,,,,,,,"complete"
branch,"BCTP_ID_REG",,188,3,0,0,0,0,0,3,0,3,0,"verify",branch_site,,,,,,,,"complete"
branch,"BRF_ID_REG",,122,1,0,0,0,0,0,1,0,0,0,"benchmark_rexxcps_levelb_noopt",branch_site,,,,,,,,"complete"
branch,"BRF_ID_REG",,153,1,0,0,0,0,0,1,0,0,0,"benchmark_rexxcps_levelb_noopt",branch_site,,,,,,,,"complete"
branch,"BRTPANDT_ID_REG_INT",,4,560001,0,0,0,0,0,0,560001,0,0,"word",branch_site,,,,,,,,"complete"
branch,"BR_ID",,11,560001,0,0,0,0,0,560001,0,0,0,"word",branch_site,,,,,,,,"complete"
branch,"BGE_ID_REG_INT",,16,560001,0,0,0,0,0,560001,0,0,0,"word",branch_site,,,,,,,,"complete"
branch,"BNE_ID_REG_INT",,26,560001,0,0,0,0,0,560001,0,0,0,"word",branch_site,,,,,,,,"complete"
branch,"BGE_ID_REG_REG",,50,560001,0,0,0,0,0,0,560001,0,0,"word",branch_site,,,,,,,,"complete"
branch,"BRF_ID_REG",,62,560001,0,0,0,0,0,560001,0,0,0,"word",branch_site,,,,,,,,"complete"
branch,"BNE_ID_REG_REG",,75,560001,0,0,0,0,0,0,560001,0,0,"word",branch_site,,,,,,,,"complete"
branch,"BRF_ID_REG",,83,560001,0,0,0,0,0,560001,0,0,0,"word",branch_site,,,,,,,,"complete"
branch,"BRF_ID_REG",,269,1,0,0,0,0,0,1,0,0,0,"benchmark_rexxcps_levelb_noopt",branch_site,,,,,,,,"complete"
branch,"BRT_ID_REG",,358,101,0,0,0,0,0,1,100,0,0,"benchmark_rexxcps_levelb_noopt",branch_site,,,,,,,,"complete"
branch,"BRTPANDT_ID_REG_INT",,4,400,0,0,0,0,0,400,0,0,0,"time",branch_site,,,,,,,,"complete"
branch,"BRF_ID_REG",,24,400,0,0,0,0,0,400,0,0,0,"time",branch_site,,,,,,,,"complete"
branch,"BRF_ID_REG",,39,400,0,0,0,0,0,400,0,0,0,"time",branch_site,,,,,,,,"complete"
branch,"BRF_ID_REG",,53,400,0,0,0,0,0,400,0,0,0,"time",branch_site,,,,,,,,"complete"
branch,"BRF_ID_REG",,67,400,0,0,0,0,0,400,0,0,0,"time",branch_site,,,,,,,,"complete"
branch,"BRF_ID_REG",,81,400,0,0,0,0,0,400,0,0,0,"time",branch_site,,,,,,,,"complete"
branch,"BRT_ID_REG",,99,400,0,0,0,0,0,0,400,0,0,"time",branch_site,,,,,,,,"complete"
branch,"BRT_ID_REG",,106,400,0,0,0,0,0,0,400,0,0,"time",branch_site,,,,,,,,"complete"
branch,"BRTF_ID_ID_REG",,113,400,0,0,0,0,0,400,0,0,0,"time",branch_site,,,,,,,,"complete"
branch,"BRT_ID_REG",,130,400,0,0,0,0,0,0,400,0,0,"time",branch_site,,,,,,,,"complete"
branch,"BRT_ID_REG",,137,400,0,0,0,0,0,0,400,0,0,"time",branch_site,,,,,,,,"complete"
branch,"BRTF_ID_ID_REG",,144,400,0,0,0,0,0,400,0,0,0,"time",branch_site,,,,,,,,"complete"
branch,"BRT_ID_REG",,161,400,0,0,0,0,0,0,400,0,0,"time",branch_site,,,,,,,,"complete"
branch,"BRT_ID_REG",,168,400,0,0,0,0,0,400,0,0,0,"time",branch_site,,,,,,,,"complete"
branch,"BRF_ID_REG",,182,400,0,0,0,0,0,0,400,0,0,"time",branch_site,,,,,,,,"complete"
branch,"BRF_ID_REG",,192,400,0,0,0,0,0,400,0,0,0,"time",branch_site,,,,,,,,"complete"
branch,"BRF_ID_REG",,202,400,0,0,0,0,0,400,0,0,0,"time",branch_site,,,,,,,,"complete"
branch,"BRF_ID_REG",,212,400,0,0,0,0,0,400,0,0,0,"time",branch_site,,,,,,,,"complete"
branch,"BRF_ID_REG",,251,400,0,0,0,0,0,400,0,0,0,"time",branch_site,,,,,,,,"complete"
branch,"BRT_ID_REG",,262,400,0,0,0,0,0,0,400,0,0,"time",branch_site,,,,,,,,"complete"
branch,"BRF_ID_REG",,269,400,0,0,0,0,0,0,400,0,0,"time",branch_site,,,,,,,,"complete"
branch,"BRF_ID_REG",,4,1200,0,0,0,0,0,401,799,0,0,"/private/tmp/crexx-perf3-06.yHwy0b/src/lib/rxfnsb/rxas/_elapsed",branch_site,,,,,,,,"complete"
branch,"BRF_ID_REG",,288,400,0,0,0,0,0,400,0,0,0,"time",branch_site,,,,,,,,"complete"
branch,"BRF_ID_REG",,299,400,0,0,0,0,0,0,400,0,0,"time",branch_site,,,,,,,,"complete"
branch,"BEQ_ID_REG_INT",,7,799,0,0,0,0,0,400,399,0,0,"/private/tmp/crexx-perf3-06.yHwy0b/src/lib/rxfnsb/rxas/_elapsed",branch_site,,,,,,,,"complete"
branch,"BCF_ID_REG",,376,20100,0,0,0,0,0,100,20000,0,0,"benchmark_rexxcps_levelb_noopt",branch_site,,,,,,,,"complete"
branch,"BR_ID",,379,20000,0,0,0,0,0,20000,0,20000,0,"benchmark_rexxcps_levelb_noopt",branch_site,,,,,,,,"complete"
branch,"BR_ID",,404,100,0,0,0,0,0,100,0,100,0,"benchmark_rexxcps_levelb_noopt",branch_site,,,,,,,,"complete"
branch,"BRT_ID_REG",,423,1,0,0,0,0,0,0,1,0,0,"benchmark_rexxcps_levelb_noopt",branch_site,,,,,,,,"complete"
branch,"BRT_ID_REG",,436,101,0,0,0,0,0,1,100,0,0,"benchmark_rexxcps_levelb_noopt",branch_site,,,,,,,,"complete"
branch,"BNE_ID_REG_INT",,13033,200,0,0,0,0,0,1,199,0,0,"trace",branch_site,,,,,,,,"complete"
branch,"BRTPANDT_ID_REG_INT",,4,216,0,0,0,0,0,0,216,0,0,"strip",branch_site,,,,,,,,"complete"
branch,"BR_ID",,11,216,0,0,0,0,0,216,0,0,0,"strip",branch_site,,,,,,,,"complete"
branch,"BRTPANDT_ID_REG_INT",,16,216,0,0,0,0,0,0,216,0,0,"strip",branch_site,,,,,,,,"complete"
branch,"BRTPANDT_ID_REG_INT",,26,216,0,0,0,0,0,0,216,0,0,"strip",branch_site,,,,,,,,"complete"
branch,"BR_ID",,36,216,0,0,0,0,0,216,0,0,0,"strip",branch_site,,,,,,,,"complete"
branch,"BNE_ID_REG_INT",,74,216,0,0,0,0,0,216,0,0,0,"strip",branch_site,,,,,,,,"complete"
branch,"BEQ_ID_REG_INT",,88,216,0,0,0,0,0,0,216,0,0,"strip",branch_site,,,,,,,,"complete"
branch,"BRF_ID_REG",,96,216,0,0,0,0,0,0,216,0,0,"strip",branch_site,,,,,,,,"complete"
branch,"BRTF_ID_ID_REG",,103,216,0,0,0,0,0,216,0,0,0,"strip",branch_site,,,,,,,,"complete"
branch,"BRF_ID_REG",,116,216,0,0,0,0,0,216,0,0,0,"strip",branch_site,,,,,,,,"complete"
branch,"BNE_ID_REG_INT",,139,216,0,0,0,0,0,216,0,0,0,"strip",branch_site,,,,,,,,"complete"
branch,"BRF_ID_REG",,148,216,0,0,0,0,0,0,216,0,0,"strip",branch_site,,,,,,,,"complete"
branch,"BEQ_ID_REG_INT",,151,216,0,0,0,0,0,0,216,0,0,"strip",branch_site,,,,,,,,"complete"
branch,"BRF_ID_REG",,159,216,0,0,0,0,0,0,216,0,0,"strip",branch_site,,,,,,,,"complete"
branch,"BGE_ID_REG_INT",,169,216,0,0,0,0,0,216,0,0,0,"strip",branch_site,,,,,,,,"complete"
branch,"BEQ_ID_REG_INT",,175,216,0,0,0,0,0,0,216,0,0,"strip",branch_site,,,,,,,,"complete"
branch,"BRF_ID_REG",,183,216,0,0,0,0,0,0,216,0,0,"strip",branch_site,,,,,,,,"complete"
branch,"BGE_ID_REG_INT",,194,216,0,0,0,0,0,216,0,0,0,"strip",branch_site,,,,,,,,"complete"
branch,"BR_ID",,204,216,0,0,0,0,0,216,0,0,0,"strip",branch_site,,,,,,,,"complete"
branch,"BRF_ID_REG",,288,216,0,0,0,0,0,0,216,0,0,"strip",branch_site,,,,,,,,"complete"
branch,"BRF_ID_REG",,295,216,0,0,0,0,0,0,216,0,0,"strip",branch_site,,,,,,,,"complete"
branch,"BRF_ID_REG",,13080,200,0,0,0,0,0,0,200,0,0,"trace",branch_site,,,,,,,,"complete"
branch,"BRF_ID_REG",,13091,200,0,0,0,0,0,0,200,0,0,"trace",branch_site,,,,,,,,"complete"
branch,"BR_ID",,13094,200,0,0,0,0,0,200,0,0,0,"trace",branch_site,,,,,,,,"complete"
branch,"BLE_ID_REG_INT",,13102,200,0,0,0,0,0,200,0,0,0,"trace",branch_site,,,,,,,,"complete"
branch,"BRF_ID_REG",,13139,200,0,0,0,0,0,200,0,0,0,"trace",branch_site,,,,,,,,"complete"
branch,"BRF_ID_REG",,13152,200,0,0,0,0,0,200,0,0,0,"trace",branch_site,,,,,,,,"complete"
branch,"BRF_ID_REG",,13193,200,0,0,0,0,0,200,0,0,0,"trace",branch_site,,,,,,,,"complete"
branch,"BEQ_ID_REG_INT",,13202,200,0,0,0,0,0,200,0,0,0,"trace",branch_site,,,,,,,,"complete"
branch,"BRF_ID_REG",,13213,200,0,0,0,0,0,200,0,0,0,"trace",branch_site,,,,,,,,"complete"
branch,"BRF_ID_REG",,13228,200,0,0,0,0,0,200,0,0,0,"trace",branch_site,,,,,,,,"complete"
branch,"BRF_ID_REG",,13240,200,0,0,0,0,0,0,200,0,0,"trace",branch_site,,,,,,,,"complete"
branch,"BR_ID",,13253,200,0,0,0,0,0,200,0,0,0,"trace",branch_site,,,,,,,,"complete"
branch,"BRT_ID_REG",,13282,200,0,0,0,0,0,0,200,0,0,"trace",branch_site,,,,,,,,"complete"
branch,"BRF_ID_REG",,13315,200,0,0,0,0,0,200,0,0,0,"trace",branch_site,,,,,,,,"complete"
branch,"BEQ_ID_REG_INT",,13324,200,0,0,0,0,0,200,0,0,0,"trace",branch_site,,,,,,,,"complete"
branch,"BRF_ID_REG",,13335,200,0,0,0,0,0,200,0,0,0,"trace",branch_site,,,,,,,,"complete"
branch,"BRF_ID_REG",,13350,200,0,0,0,0,0,200,0,0,0,"trace",branch_site,,,,,,,,"complete"
branch,"BRF_ID_REG",,13362,200,0,0,0,0,0,0,200,0,0,"trace",branch_site,,,,,,,,"complete"
branch,"BR_ID",,13375,200,0,0,0,0,0,200,0,0,0,"trace",branch_site,,,,,,,,"complete"
branch,"BRF_ID_REG",,13404,200,0,0,0,0,0,200,0,0,0,"trace",branch_site,,,,,,,,"complete"
branch,"BRF_ID_REG",,13495,200,0,0,0,0,0,200,0,0,0,"trace",branch_site,,,,,,,,"complete"
branch,"BR_ID",,13518,200,0,0,0,0,0,200,0,0,0,"trace",branch_site,,,,,,,,"complete"
branch,"BRT_ID_REG",,13524,200,0,0,0,0,0,0,200,0,0,"trace",branch_site,,,,,,,,"complete"
branch,"BRF_ID_REG",,13552,200,0,0,0,0,0,200,0,0,0,"trace",branch_site,,,,,,,,"complete"
branch,"BRF_ID_REG",,13565,200,0,0,0,0,0,200,0,0,0,"trace",branch_site,,,,,,,,"complete"
branch,"BRF_ID_REG",,13586,200,0,0,0,0,0,200,0,0,0,"trace",branch_site,,,,,,,,"complete"
branch,"BRF_ID_REG",,13599,200,0,0,0,0,0,200,0,0,0,"trace",branch_site,,,,,,,,"complete"
branch,"BRF_ID_REG",,13609,200,0,0,0,0,0,0,200,0,0,"trace",branch_site,,,,,,,,"complete"
branch,"BRF_ID_REG",,13616,200,0,0,0,0,0,0,200,0,0,"trace",branch_site,,,,,,,,"complete"
branch,"BRF_ID_REG",,13623,200,0,0,0,0,0,200,0,0,0,"trace",branch_site,,,,,,,,"complete"
branch,"BRF_ID_REG",,13637,200,0,0,0,0,0,200,0,0,0,"trace",branch_site,,,,,,,,"complete"
branch,"BRF_ID_REG",,13660,200,0,0,0,0,0,200,0,0,0,"trace",branch_site,,,,,,,,"complete"
branch,"BR_ID",,13674,200,0,0,0,0,0,200,0,0,0,"trace",branch_site,,,,,,,,"complete"
branch,"BRTPANDT_ID_REG_INT",,4,200,0,0,0,0,0,0,200,0,0,"pos",branch_site,,,,,,,,"complete"
branch,"BGE_ID_REG_INT",,14,200,0,0,0,0,0,200,0,0,0,"pos",branch_site,,,,,,,,"complete"
branch,"BRT_ID_REG",,25,200,0,0,0,0,0,0,200,0,0,"pos",branch_site,,,,,,,,"complete"
branch,"BRF_ID_REG",,32,200,0,0,0,0,0,200,0,0,0,"pos",branch_site,,,,,,,,"complete"
branch,"BRF_ID_REG",,13701,200,0,0,0,0,0,0,200,0,0,"trace",branch_site,,,,,,,,"complete"
branch,"BR_ID",,13710,200,0,0,0,0,0,200,0,0,0,"trace",branch_site,,,,,,,,"complete"
branch,"BRF_ID_REG",,13727,200,0,0,0,0,0,200,0,0,0,"trace",branch_site,,,,,,,,"complete"
branch,"BRF_ID_REG",,13757,200,0,0,0,0,0,200,0,0,0,"trace",branch_site,,,,,,,,"complete"
branch,"BRF_ID_REG",,13785,200,0,0,0,0,0,200,0,0,0,"trace",branch_site,,,,,,,,"complete"
branch,"BRF_ID_REG",,13797,200,0,0,0,0,0,200,0,0,0,"trace",branch_site,,,,,,,,"complete"
branch,"BR_ID",,13821,200,0,0,0,0,0,200,0,0,0,"trace",branch_site,,,,,,,,"complete"
branch,"BRF_ID_REG",,13827,200,0,0,0,0,0,200,0,0,0,"trace",branch_site,,,,,,,,"complete"
branch,"BRF_ID_REG",,13855,200,0,0,0,0,0,200,0,0,0,"trace",branch_site,,,,,,,,"complete"
branch,"BRF_ID_REG",,13867,200,0,0,0,0,0,200,0,0,0,"trace",branch_site,,,,,,,,"complete"
branch,"BR_ID",,13891,200,0,0,0,0,0,200,0,0,0,"trace",branch_site,,,,,,,,"complete"
branch,"BRF_ID_REG",,13897,200,0,0,0,0,0,200,0,0,0,"trace",branch_site,,,,,,,,"complete"
branch,"BRT_ID_REG",,13909,200,0,0,0,0,0,0,200,0,0,"trace",branch_site,,,,,,,,"complete"
branch,"BRT_ID_REG",,13916,200,0,0,0,0,0,0,200,0,0,"trace",branch_site,,,,,,,,"complete"
branch,"BRTF_ID_ID_REG",,13923,200,0,0,0,0,0,200,0,0,0,"trace",branch_site,,,,,,,,"complete"
branch,"BRF_ID_REG",,13958,200,0,0,0,0,0,200,0,0,0,"trace",branch_site,,,,,,,,"complete"
branch,"BRF_ID_REG",,13970,200,0,0,0,0,0,200,0,0,0,"trace",branch_site,,,,,,,,"complete"
branch,"BR_ID",,13994,200,0,0,0,0,0,200,0,0,0,"trace",branch_site,,,,,,,,"complete"
branch,"BRF_ID_REG",,14000,200,0,0,0,0,0,200,0,0,0,"trace",branch_site,,,,,,,,"complete"
branch,"BRF_ID_REG",,14028,200,0,0,0,0,0,200,0,0,0,"trace",branch_site,,,,,,,,"complete"
branch,"BRF_ID_REG",,14040,200,0,0,0,0,0,200,0,0,0,"trace",branch_site,,,,,,,,"complete"
branch,"BR_ID",,14064,200,0,0,0,0,0,200,0,0,0,"trace",branch_site,,,,,,,,"complete"
branch,"BRF_ID_REG",,14070,200,0,0,0,0,0,200,0,0,0,"trace",branch_site,,,,,,,,"complete"
branch,"BRF_ID_REG",,14098,200,0,0,0,0,0,200,0,0,0,"trace",branch_site,,,,,,,,"complete"
branch,"BRF_ID_REG",,14110,200,0,0,0,0,0,200,0,0,0,"trace",branch_site,,,,,,,,"complete"
branch,"BR_ID",,14134,200,0,0,0,0,0,200,0,0,0,"trace",branch_site,,,,,,,,"complete"
branch,"BRF_ID_REG",,14140,200,0,0,0,0,0,200,0,0,0,"trace",branch_site,,,,,,,,"complete"
branch,"BRF_ID_REG",,14168,200,0,0,0,0,0,200,0,0,0,"trace",branch_site,,,,,,,,"complete"
branch,"BRF_ID_REG",,14180,200,0,0,0,0,0,200,0,0,0,"trace",branch_site,,,,,,,,"complete"
branch,"BR_ID",,14204,200,0,0,0,0,0,200,0,0,0,"trace",branch_site,,,,,,,,"complete"
branch,"BRF_ID_REG",,14210,200,0,0,0,0,0,200,0,0,0,"trace",branch_site,,,,,,,,"complete"
branch,"BRF_ID_REG",,14238,200,0,0,0,0,0,200,0,0,0,"trace",branch_site,,,,,,,,"complete"
branch,"BRF_ID_REG",,14250,200,0,0,0,0,0,200,0,0,0,"trace",branch_site,,,,,,,,"complete"
branch,"BR_ID",,14274,200,0,0,0,0,0,200,0,0,0,"trace",branch_site,,,,,,,,"complete"
branch,"BRF_ID_REG",,14280,200,0,0,0,0,0,200,0,0,0,"trace",branch_site,,,,,,,,"complete"
branch,"BRF_ID_REG",,14308,200,0,0,0,0,0,200,0,0,0,"trace",branch_site,,,,,,,,"complete"
branch,"BRF_ID_REG",,14320,200,0,0,0,0,0,200,0,0,0,"trace",branch_site,,,,,,,,"complete"
branch,"BR_ID",,14344,200,0,0,0,0,0,200,0,0,0,"trace",branch_site,,,,,,,,"complete"
branch,"BRF_ID_REG",,14350,200,0,0,0,0,0,200,0,0,0,"trace",branch_site,,,,,,,,"complete"
branch,"BRF_ID_REG",,14378,200,0,0,0,0,0,200,0,0,0,"trace",branch_site,,,,,,,,"complete"
branch,"BRF_ID_REG",,14390,200,0,0,0,0,0,200,0,0,0,"trace",branch_site,,,,,,,,"complete"
branch,"BR_ID",,14414,200,0,0,0,0,0,200,0,0,0,"trace",branch_site,,,,,,,,"complete"
branch,"BRF_ID_REG",,14420,200,0,0,0,0,0,200,0,0,0,"trace",branch_site,,,,,,,,"complete"
branch,"BRF_ID_REG",,14448,200,0,0,0,0,0,200,0,0,0,"trace",branch_site,,,,,,,,"complete"
branch,"BRF_ID_REG",,14460,200,0,0,0,0,0,200,0,0,0,"trace",branch_site,,,,,,,,"complete"
branch,"BR_ID",,14484,200,0,0,0,0,0,200,0,0,0,"trace",branch_site,,,,,,,,"complete"
branch,"BRF_ID_REG",,14490,200,0,0,0,0,0,200,0,0,0,"trace",branch_site,,,,,,,,"complete"
branch,"BRF_ID_REG",,14518,200,0,0,0,0,0,200,0,0,0,"trace",branch_site,,,,,,,,"complete"
branch,"BRF_ID_REG",,14530,200,0,0,0,0,0,200,0,0,0,"trace",branch_site,,,,,,,,"complete"
branch,"BR_ID",,14554,200,0,0,0,0,0,200,0,0,0,"trace",branch_site,,,,,,,,"complete"
branch,"BRF_ID_REG",,14560,200,0,0,0,0,0,200,0,0,0,"trace",branch_site,,,,,,,,"complete"
branch,"BRF_ID_REG",,14588,200,0,0,0,0,0,200,0,0,0,"trace",branch_site,,,,,,,,"complete"
branch,"BRF_ID_REG",,14603,200,0,0,0,0,0,200,0,0,0,"trace",branch_site,,,,,,,,"complete"
branch,"BR_ID",,14627,200,0,0,0,0,0,200,0,0,0,"trace",branch_site,,,,,,,,"complete"
branch,"BRF_ID_REG",,14633,200,0,0,0,0,0,200,0,0,0,"trace",branch_site,,,,,,,,"complete"
branch,"BRF_ID_REG",,14661,200,0,0,0,0,0,200,0,0,0,"trace",branch_site,,,,,,,,"complete"
branch,"BRF_ID_REG",,14676,200,0,0,0,0,0,200,0,0,0,"trace",branch_site,,,,,,,,"complete"
branch,"BR_ID",,14700,200,0,0,0,0,0,200,0,0,0,"trace",branch_site,,,,,,,,"complete"
branch,"BRF_ID_REG",,14706,200,0,0,0,0,0,200,0,0,0,"trace",branch_site,,,,,,,,"complete"
branch,"BRF_ID_REG",,14734,200,0,0,0,0,0,200,0,0,0,"trace",branch_site,,,,,,,,"complete"
branch,"BRF_ID_REG",,14749,200,0,0,0,0,0,200,0,0,0,"trace",branch_site,,,,,,,,"complete"
branch,"BR_ID",,14773,200,0,0,0,0,0,200,0,0,0,"trace",branch_site,,,,,,,,"complete"
branch,"BRF_ID_REG",,14779,200,0,0,0,0,0,200,0,0,0,"trace",branch_site,,,,,,,,"complete"
branch,"BRF_ID_REG",,14807,200,0,0,0,0,0,200,0,0,0,"trace",branch_site,,,,,,,,"complete"
branch,"BRF_ID_REG",,14822,200,0,0,0,0,0,200,0,0,0,"trace",branch_site,,,,,,,,"complete"
branch,"BR_ID",,14846,200,0,0,0,0,0,200,0,0,0,"trace",branch_site,,,,,,,,"complete"
branch,"BRF_ID_REG",,14852,200,0,0,0,0,0,0,200,0,0,"trace",branch_site,,,,,,,,"complete"
branch,"BR_ID",,14858,200,0,0,0,0,0,200,0,0,0,"trace",branch_site,,,,,,,,"complete"
branch,"BRF_ID_REG",,12540,200,0,0,0,0,0,1,199,0,0,"trace",branch_site,,,,,,,,"complete"
branch,"BRF_ID_REG",,4282,16,0,0,0,0,0,16,0,0,0,"trace",branch_site,,,,,,,,"complete"
branch,"BRF_ID_REG",,4323,16,0,0,0,0,0,16,0,0,0,"trace",branch_site,,,,,,,,"complete"
branch,"BRF_ID_REG",,4336,16,0,0,0,0,0,16,0,0,0,"trace",branch_site,,,,,,,,"complete"
branch,"BRF_ID_REG",,4346,16,0,0,0,0,0,16,0,0,0,"trace",branch_site,,,,,,,,"complete"
branch,"BRF_ID_REG",,4361,16,0,0,0,0,0,16,0,0,0,"trace",branch_site,,,,,,,,"complete"
branch,"BRF_ID_REG",,4373,16,0,0,0,0,0,0,16,0,0,"trace",branch_site,,,,,,,,"complete"
branch,"BR_ID",,4386,16,0,0,0,0,0,16,0,0,0,"trace",branch_site,,,,,,,,"complete"
branch,"BRF_ID_REG",,4415,16,0,0,0,0,0,16,0,0,0,"trace",branch_site,,,,,,,,"complete"
branch,"BRF_ID_REG",,4542,16,0,0,0,0,0,16,0,0,0,"trace",branch_site,,,,,,,,"complete"
branch,"BRF_ID_REG",,4555,16,0,0,0,0,0,16,0,0,0,"trace",branch_site,,,,,,,,"complete"
branch,"BRF_ID_REG",,4565,16,0,0,0,0,0,16,0,0,0,"trace",branch_site,,,,,,,,"complete"
branch,"BRF_ID_REG",,4580,16,0,0,0,0,0,16,0,0,0,"trace",branch_site,,,,,,,,"complete"
branch,"BRF_ID_REG",,4592,16,0,0,0,0,0,0,16,0,0,"trace",branch_site,,,,,,,,"complete"
branch,"BR_ID",,4609,16,0,0,0,0,0,16,0,0,0,"trace",branch_site,,,,,,,,"complete"
branch,"BRF_ID_REG",,4638,16,0,0,0,0,0,16,0,0,0,"trace",branch_site,,,,,,,,"complete"
branch,"BR_ID",,4779,16,0,0,0,0,0,16,0,0,0,"trace",branch_site,,,,,,,,"complete"
branch,"BRF_ID_REG",,4788,16,0,0,0,0,0,16,0,0,0,"trace",branch_site,,,,,,,,"complete"
branch,"BRT_ID_REG",,4824,136,0,0,0,0,0,16,120,0,0,"trace",branch_site,,,,,,,,"complete"
branch,"BR_ID",,4858,16,0,0,0,0,0,16,0,0,0,"trace",branch_site,,,,,,,,"complete"
branch,"BRF_ID_REG",,4866,16,0,0,0,0,0,16,0,0,0,"trace",branch_site,,,,,,,,"complete"
branch,"BRF_ID_REG",,4838,120,0,0,0,0,0,120,0,0,0,"trace",branch_site,,,,,,,,"complete"
branch,"BCTP_ID_REG",,4849,120,0,0,0,0,0,120,0,120,0,"trace",branch_site,,,,,,,,"complete"
branch,"BRF_ID_REG",,13041,199,0,0,0,0,0,199,0,0,0,"trace",branch_site,,,,,,,,"complete"
branch,"BRF_ID_REG",,10125,100,0,0,0,0,0,100,0,0,0,"trace",branch_site,,,,,,,,"complete"
branch,"BRF_ID_REG",,10236,100,0,0,0,0,0,0,100,0,0,"trace",branch_site,,,,,,,,"complete"
branch,"BRF_ID_REG",,11741,100,0,0,0,0,0,0,100,0,0,"trace",branch_site,,,,,,,,"complete"
branch,"BRF_ID_REG",,475,100,0,0,0,0,0,0,100,0,0,"benchmark_rexxcps_levelb_noopt",branch_site,,,,,,,,"complete"
branch,"BR_ID",,479,100,0,0,0,0,0,100,0,0,0,"benchmark_rexxcps_levelb_noopt",branch_site,,,,,,,,"complete"
branch,"BCF_ID_REG",,523,20100,0,0,0,0,0,100,20000,0,0,"benchmark_rexxcps_levelb_noopt",branch_site,,,,,,,,"complete"
branch,"BRT_ID_REG",,542,300000,0,0,0,0,0,20000,280000,0,0,"benchmark_rexxcps_levelb_noopt",branch_site,,,,,,,,"complete"
branch,"BRTPANDT_ID_REG_INT",,4,840000,0,0,0,0,0,840000,0,0,0,"substr",branch_site,,,,,,,,"complete"
branch,"BRTPANDT_ID_REG_INT",,16,840000,0,0,0,0,0,840000,0,0,0,"substr",branch_site,,,,,,,,"complete"
branch,"BRTPANDT_ID_REG_INT",,26,840000,0,0,0,0,0,0,840000,0,0,"substr",branch_site,,,,,,,,"complete"
branch,"BR_ID",,36,840000,0,0,0,0,0,840000,0,0,0,"substr",branch_site,,,,,,,,"complete"
branch,"BGE_ID_REG_INT",,67,840000,0,0,0,0,0,840000,0,0,0,"substr",branch_site,,,,,,,,"complete"
branch,"BRF_ID_REG",,74,840000,0,0,0,0,0,0,840000,0,0,"substr",branch_site,,,,,,,,"complete"
branch,"BRTF_ID_ID_REG",,81,840000,0,0,0,0,0,840000,0,0,0,"substr",branch_site,,,,,,,,"complete"
branch,"BEQ_ID_REG_INT",,97,840000,0,0,0,0,0,840000,0,0,0,"substr",branch_site,,,,,,,,"complete"
branch,"BGE_ID_REG_INT",,115,840000,0,0,0,0,0,840000,0,0,0,"substr",branch_site,,,,,,,,"complete"
branch,"BRF_ID_REG",,125,840000,0,0,0,0,0,840000,0,0,0,"substr",branch_site,,,,,,,,"complete"
branch,"BNE_ID_REG_INT",,149,840000,0,0,0,0,0,840000,0,0,0,"substr",branch_site,,,,,,,,"complete"
branch,"BGE_ID_REG_REG",,158,840000,0,0,0,0,0,840000,0,0,0,"substr",branch_site,,,,,,,,"complete"
branch,"BLE_ID_REG_INT",,165,840000,0,0,0,0,0,0,840000,0,0,"substr",branch_site,,,,,,,,"complete"
branch,"BRF_ID_REG",,173,840000,0,0,0,0,0,280000,560000,0,0,"substr",branch_site,,,,,,,,"complete"
branch,"BRF_ID_REG",,194,840000,0,0,0,0,0,840000,0,0,0,"substr",branch_site,,,,,,,,"complete"
branch,"BRF_ID_REG",,214,840000,0,0,0,0,0,840000,0,0,0,"substr",branch_site,,,,,,,,"complete"
branch,"BRF_ID_REG",,668,280000,0,0,0,0,0,280000,0,0,0,"benchmark_rexxcps_levelb_noopt",branch_site,,,,,,,,"complete"
branch,"BRT_ID_REG",,680,840000,0,0,0,0,0,0,840000,0,0,"benchmark_rexxcps_levelb_noopt",branch_site,,,,,,,,"complete"
branch,"BRTF_ID_ID_REG",,687,840000,0,0,0,0,0,840000,0,0,0,"benchmark_rexxcps_levelb_noopt",branch_site,,,,,,,,"complete"
branch,"BRF_ID_REG",,721,560000,0,0,0,0,0,560000,0,0,0,"benchmark_rexxcps_levelb_noopt",branch_site,,,,,,,,"complete"
branch,"BRF_ID_REG",,748,560000,0,0,0,0,0,560000,0,0,0,"benchmark_rexxcps_levelb_noopt",branch_site,,,,,,,,"complete"
branch,"BRF_ID_REG",,762,560000,0,0,0,0,0,560000,0,0,0,"benchmark_rexxcps_levelb_noopt",branch_site,,,,,,,,"complete"
branch,"BRF_ID_REG",,180,560000,0,0,0,0,0,560000,0,0,0,"substr",branch_site,,,,,,,,"complete"
branch,"BRF_ID_REG",,797,560000,0,0,0,0,0,560000,0,0,0,"benchmark_rexxcps_levelb_noopt",branch_site,,,,,,,,"complete"
branch,"BRF_ID_REG",,825,560000,0,0,0,0,0,560000,0,0,0,"benchmark_rexxcps_levelb_noopt",branch_site,,,,,,,,"complete"
branch,"BRF_ID_REG",,834,560000,0,0,0,0,0,0,560000,0,0,"benchmark_rexxcps_levelb_noopt",branch_site,,,,,,,,"complete"
branch,"BRF_ID_REG",,883,560000,0,0,0,0,0,560000,0,0,0,"benchmark_rexxcps_levelb_noopt",branch_site,,,,,,,,"complete"
branch,"BR_ID",,888,560000,0,0,0,0,0,560000,0,0,0,"benchmark_rexxcps_levelb_noopt",branch_site,,,,,,,,"complete"
branch,"BR_ID",,894,560000,0,0,0,0,0,560000,0,560000,0,"benchmark_rexxcps_levelb_noopt",branch_site,,,,,,,,"complete"
branch,"BRF_ID_REG",,909,280000,0,0,0,0,0,280000,0,0,0,"benchmark_rexxcps_levelb_noopt",branch_site,,,,,,,,"complete"
branch,"BRF_ID_REG",,937,280000,0,0,0,0,0,280000,0,0,0,"benchmark_rexxcps_levelb_noopt",branch_site,,,,,,,,"complete"
branch,"BRF_ID_REG",,957,280000,0,0,0,0,0,280000,0,0,0,"benchmark_rexxcps_levelb_noopt",branch_site,,,,,,,,"complete"
branch,"BRF_ID_REG",,968,280000,0,0,0,0,0,20000,260000,0,0,"benchmark_rexxcps_levelb_noopt",branch_site,,,,,,,,"complete"
branch,"BRF_ID_REG",,1035,20000,0,0,0,0,0,0,20000,0,0,"benchmark_rexxcps_levelb_noopt",branch_site,,,,,,,,"complete"
branch,"BRF_ID_REG",,1044,280000,0,0,0,0,0,0,280000,0,0,"benchmark_rexxcps_levelb_noopt",branch_site,,,,,,,,"complete"
branch,"BRF_ID_REG",,1054,280000,0,0,0,0,0,280000,0,0,0,"benchmark_rexxcps_levelb_noopt",branch_site,,,,,,,,"complete"
branch,"BRF_ID_REG",,1082,280000,0,0,0,0,0,280000,0,0,0,"benchmark_rexxcps_levelb_noopt",branch_site,,,,,,,,"complete"
branch,"BRF_ID_REG",,1093,280000,0,0,0,0,0,0,280000,0,0,"benchmark_rexxcps_levelb_noopt",branch_site,,,,,,,,"complete"
branch,"BR_ID",,1154,280000,0,0,0,0,0,280000,0,0,0,"benchmark_rexxcps_levelb_noopt",branch_site,,,,,,,,"complete"
branch,"BCF_ID_REG",,1743,560000,0,0,0,0,0,280000,280000,0,0,"benchmark_rexxcps_levelb_noopt",branch_site,,,,,,,,"complete"
branch,"BR_ID",,1793,280000,0,0,0,0,0,280000,0,280000,0,"benchmark_rexxcps_levelb_noopt",branch_site,,,,,,,,"complete"
branch,"BR_ID",,1353,280000,0,0,0,0,0,280000,0,280000,0,"benchmark_rexxcps_levelb_noopt",branch_site,,,,,,,,"complete"
branch,"BR_ID",,1029,260000,0,0,0,0,0,260000,0,0,0,"benchmark_rexxcps_levelb_noopt",branch_site,,,,,,,,"complete"
branch,"BR_ID",,1357,20000,0,0,0,0,0,20000,0,20000,0,"benchmark_rexxcps_levelb_noopt",branch_site,,,,,,,,"complete"
branch,"BEQ_ID_REG_INT",,10583,100,0,0,0,0,0,100,0,0,0,"trace",branch_site,,,,,,,,"complete"
branch,"BNE_ID_REG_INT",,10589,100,0,0,0,0,0,0,100,0,0,"trace",branch_site,,,,,,,,"complete"
branch,"BRF_ID_REG",,1392,100,0,0,0,0,0,100,0,0,0,"benchmark_rexxcps_levelb_noopt",branch_site,,,,,,,,"complete"
branch,"BR_ID",,1400,100,0,0,0,0,0,100,0,100,0,"benchmark_rexxcps_levelb_noopt",branch_site,,,,,,,,"complete"
branch,"BRT_ID_REG",,1409,1,0,0,0,0,0,1,0,0,0,"benchmark_rexxcps_levelb_noopt",branch_site,,,,,,,,"complete"
branch,"BRF_ID_REG",,1416,1,0,0,0,0,0,0,1,0,0,"benchmark_rexxcps_levelb_noopt",branch_site,,,,,,,,"complete"
branch,"BR_ID",,1419,1,0,0,0,0,0,1,0,0,0,"benchmark_rexxcps_levelb_noopt",branch_site,,,,,,,,"complete"
branch,"BRTPANDT_ID_REG_INT",,4,2,0,0,0,0,0,0,2,0,0,"floatformat",branch_site,,,,,,,,"complete"
branch,"BRTPANDT_ID_REG_INT",,14,2,0,0,0,0,0,2,0,0,0,"floatformat",branch_site,,,,,,,,"complete"
branch,"BRTPANDT_ID_REG_INT",,24,2,0,0,0,0,0,0,2,0,0,"floatformat",branch_site,,,,,,,,"complete"
branch,"BRTPANDT_ID_REG_INT",,34,2,0,0,0,0,0,0,2,0,0,"floatformat",branch_site,,,,,,,,"complete"
branch,"BRT_ID_REG",,69,2,0,0,0,0,0,0,2,0,0,"floatformat",branch_site,,,,,,,,"complete"
branch,"BRT_ID_REG",,76,2,0,0,0,0,0,0,2,0,0,"floatformat",branch_site,,,,,,,,"complete"
branch,"BRTF_ID_ID_REG",,83,2,0,0,0,0,0,2,0,0,0,"floatformat",branch_site,,,,,,,,"complete"
branch,"BRTF_ID_ID_REG",,97,2,0,0,0,0,0,2,0,0,0,"floatformat",branch_site,,,,,,,,"complete"
branch,"BRTF_ID_ID_REG",,111,2,0,0,0,0,0,2,0,0,0,"floatformat",branch_site,,,,,,,,"complete"
branch,"BRTF_ID_ID_REG",,125,2,0,0,0,0,0,2,0,0,0,"floatformat",branch_site,,,,,,,,"complete"
branch,"BRTPANDT_ID_REG_INT",,6,2,0,0,0,0,0,0,2,0,0,"_typedformat",branch_site,,,,,,,,"complete"
branch,"BR_ID",,13,2,0,0,0,0,0,2,0,0,0,"_typedformat",branch_site,,,,,,,,"complete"
branch,"BRF_ID_REG",,39,2,0,0,0,0,0,2,0,0,0,"_typedformat",branch_site,,,,,,,,"complete"
branch,"BRF_ID_REG",,53,2,0,0,0,0,0,2,0,0,0,"_typedformat",branch_site,,,,,,,,"complete"
branch,"BRF_ID_REG",,59,2,0,0,0,0,0,0,2,0,0,"_typedformat",branch_site,,,,,,,,"complete"
branch,"BRTF_ID_ID_REG",,66,2,0,0,0,0,0,2,0,0,0,"_typedformat",branch_site,,,,,,,,"complete"
branch,"BRF_ID_REG",,79,2,0,0,0,0,0,2,0,0,0,"_typedformat",branch_site,,,,,,,,"complete"
branch,"BRF_ID_REG",,93,2,0,0,0,0,0,2,0,0,0,"_typedformat",branch_site,,,,,,,,"complete"
branch,"BRF_ID_REG",,99,2,0,0,0,0,0,2,0,0,0,"_typedformat",branch_site,,,,,,,,"complete"
branch,"BRF_ID_REG",,113,2,0,0,0,0,0,2,0,0,0,"_typedformat",branch_site,,,,,,,,"complete"
branch,"BRF_ID_REG",,122,2,0,0,0,0,0,0,2,0,0,"_typedformat",branch_site,,,,,,,,"complete"
branch,"BRF_ID_REG",,128,2,0,0,0,0,0,2,0,0,0,"_typedformat",branch_site,,,,,,,,"complete"
branch,"BRF_ID_REG",,141,2,0,0,0,0,0,2,0,0,0,"_typedformat",branch_site,,,,,,,,"complete"
branch,"BRF_ID_REG",,154,2,0,0,0,0,0,2,0,0,0,"_typedformat",branch_site,,,,,,,,"complete"
branch,"BRF_ID_REG",,228,2,0,0,0,0,0,0,2,0,0,"_typedformat",branch_site,,,,,,,,"complete"
branch,"BRF_ID_REG",,239,2,0,0,0,0,0,2,0,0,0,"_typedformat",branch_site,,,,,,,,"complete"
branch,"BNE_ID_REG_REG",,293,2,0,0,0,0,0,2,0,0,0,"_typedformat",branch_site,,,,,,,,"complete"
branch,"BRF_ID_REG",,345,2,0,0,0,0,0,2,0,0,0,"_typedformat",branch_site,,,,,,,,"complete"
branch,"BRF_ID_REG",,369,2,0,0,0,0,0,0,2,0,0,"_typedformat",branch_site,,,,,,,,"complete"
branch,"BRF_ID_REG",,397,2,0,0,0,0,0,0,2,0,0,"_typedformat",branch_site,,,,,,,,"complete"
branch,"BRT_ID_REG",,413,2,0,0,0,0,0,0,2,0,0,"_typedformat",branch_site,,,,,,,,"complete"
branch,"BRTF_ID_ID_REG",,419,2,0,0,0,0,0,2,0,0,0,"_typedformat",branch_site,,,,,,,,"complete"
branch,"BEQ_ID_REG_INT",,617,2,0,0,0,0,0,2,0,0,0,"_typedformat",branch_site,,,,,,,,"complete"
branch,"BGE_ID_REG_INT",,632,2,0,0,0,0,0,2,0,0,0,"_typedformat",branch_site,,,,,,,,"complete"
branch,"BLE_ID_REG_REG",,658,2,0,0,0,0,0,2,0,0,0,"_typedformat",branch_site,,,,,,,,"complete"
branch,"BRF_ID_REG",,680,2,0,0,0,0,0,2,0,0,0,"_typedformat",branch_site,,,,,,,,"complete"
branch,"BRF_ID_REG",,690,2,0,0,0,0,0,2,0,0,0,"_typedformat",branch_site,,,,,,,,"complete"
branch,"BRF_ID_REG",,711,2,0,0,0,0,0,0,2,0,0,"_typedformat",branch_site,,,,,,,,"complete"
branch,"BRF_ID_REG",,732,2,0,0,0,0,0,0,2,0,0,"_typedformat",branch_site,,,,,,,,"complete"
branch,"BLT_ID_REG_INT",,751,2,0,0,0,0,0,1,1,0,0,"_typedformat",branch_site,,,,,,,,"complete"
branch,"BRF_ID_REG",,871,2,0,0,0,0,0,2,0,0,0,"_typedformat",branch_site,,,,,,,,"complete"
branch,"BRF_ID_REG",,948,2,0,0,0,0,0,2,0,0,0,"_typedformat",branch_site,,,,,,,,"complete"
branch,"BRF_ID_REG",,955,2,0,0,0,0,0,2,0,0,0,"_typedformat",branch_site,,,,,,,,"complete"
branch,"BRF_ID_REG",,1018,2,0,0,0,0,0,1,1,0,0,"_typedformat",branch_site,,,,,,,,"complete"
branch,"BLE_ID_REG_INT",,1040,2,0,0,0,0,0,0,2,0,0,"_typedformat",branch_site,,,,,,,,"complete"
branch,"BRF_ID_REG",,1063,2,0,0,0,0,0,0,2,0,0,"_typedformat",branch_site,,,,,,,,"complete"
branch,"BRF_ID_REG",,1078,2,0,0,0,0,0,2,0,0,0,"_typedformat",branch_site,,,,,,,,"complete"
branch,"BRF_ID_REG",,1088,2,0,0,0,0,0,2,0,0,0,"_typedformat",branch_site,,,,,,,,"complete"
branch,"BRT_ID_REG",,1126,10,0,0,0,0,0,2,8,0,0,"_typedformat",branch_site,,,,,,,,"complete"
branch,"BRF_ID_REG",,1133,8,0,0,0,0,0,2,6,0,0,"_typedformat",branch_site,,,,,,,,"complete"
branch,"BRF_ID_REG",,1145,2,0,0,0,0,0,2,0,0,0,"_typedformat",branch_site,,,,,,,,"complete"
branch,"BRF_ID_REG",,1186,8,0,0,0,0,0,6,2,0,0,"_typedformat",branch_site,,,,,,,,"complete"
branch,"BRF_ID_REG",,1193,2,0,0,0,0,0,2,0,0,0,"_typedformat",branch_site,,,,,,,,"complete"
branch,"BRF_ID_REG",,1210,2,0,0,0,0,0,2,0,0,0,"_typedformat",branch_site,,,,,,,,"complete"
branch,"BCTP_ID_REG",,1222,8,0,0,0,0,0,8,0,8,0,"_typedformat",branch_site,,,,,,,,"complete"
branch,"BRF_ID_REG",,1228,2,0,0,0,0,0,2,0,0,0,"_typedformat",branch_site,,,,,,,,"complete"
branch,"BRTPANDT_ID_REG_INT",,4,1,0,0,0,0,0,0,1,0,0,"left",branch_site,,,,,,,,"complete"
branch,"BR_ID",,11,1,0,0,0,0,0,1,0,0,0,"left",branch_site,,,,,,,,"complete"
branch,"BRTPANDT_ID_REG_INT",,16,1,0,0,0,0,0,0,1,0,0,"left",branch_site,,,,,,,,"complete"
branch,"BR_ID",,26,1,0,0,0,0,0,1,0,0,0,"left",branch_site,,,,,,,,"complete"
branch,"BGE_ID_REG_INT",,57,1,0,0,0,0,0,1,0,0,0,"left",branch_site,,,,,,,,"complete"
branch,"BEQ_ID_REG_INT",,67,1,0,0,0,0,0,1,0,0,0,"left",branch_site,,,,,,,,"complete"
branch,"BNE_ID_REG_INT",,74,1,0,0,0,0,0,1,0,0,0,"left",branch_site,,,,,,,,"complete"
branch,"BNE_ID_REG_REG",,83,1,0,0,0,0,0,1,0,0,0,"left",branch_site,,,,,,,,"complete"
branch,"BGE_ID_REG_REG",,89,1,0,0,0,0,0,0,1,0,0,"left",branch_site,,,,,,,,"complete"
branch,"BRF_ID_REG",,1611,1,0,0,0,0,0,0,1,0,0,"benchmark_rexxcps_levelb_noopt",branch_site,,,,,,,,"complete"
branch,"BR_ID",,1614,1,0,0,0,0,0,1,0,0,0,"benchmark_rexxcps_levelb_noopt",branch_site,,,,,,,,"complete"
branch,"BRF_ID_REG",,779,1,0,0,0,0,0,0,1,0,0,"_typedformat",branch_site,,,,,,,,"complete"
branch,"BRF_ID_REG",,790,1,0,0,0,0,0,0,1,0,0,"_typedformat",branch_site,,,,,,,,"complete"
branch,"BR_ID",,793,1,0,0,0,0,0,1,0,0,0,"_typedformat",branch_site,,,,,,,,"complete"
branch,"BRF_ID_REG",,805,1,0,0,0,0,0,1,0,0,0,"_typedformat",branch_site,,,,,,,,"complete"
branch,"BLE_ID_REG_INT",,820,1,0,0,0,0,0,0,1,0,0,"_typedformat",branch_site,,,,,,,,"complete"
branch,"BRF_ID_REG",,853,1,0,0,0,0,0,1,0,0,0,"_typedformat",branch_site,,,,,,,,"complete"
branch,"BR_ID",,863,1,0,0,0,0,0,1,0,0,0,"_typedformat",branch_site,,,,,,,,"complete"
branch,"BR_ID",,1139,6,0,0,0,0,0,6,0,0,0,"_typedformat",branch_site,,,,,,,,"complete"
census,"call_path","direct_bytecode",,3362942,0,0,0,0,0,,,,,,,,,,,,,,"complete"
census,"call_path","direct_native",,0,0,0,0,0,0,,,,,,,,,,,,,,"complete"
census,"call_path","dynamic_bytecode",,0,0,0,0,0,0,,,,,,,,,,,,,,"complete"
census,"call_path","dynamic_native",,0,0,0,0,0,0,,,,,,,,,,,,,,"complete"
census,"call_path","external_root",,1,0,0,0,0,0,,,,,,,,,,,,,,"complete"
census,"call_path","signal_bytecode",,0,0,0,0,0,0,,,,,,,,,,,,,,"complete"
census,"call_path","signal_native",,0,0,0,0,0,0,,,,,,,,,,,,,,"complete"
census,"arity","1",,1682001,0,0,0,0,0,,,,,,,,,,,,,,"complete"
census,"arity","4",,1120001,0,0,0,0,0,,,,,,,,,,,,,,"complete"
census,"arity","0",,503,0,0,0,0,0,,,,,,,,,,,,,,"complete"
census,"arity","2",,560017,0,0,0,0,0,,,,,,,,,,,,,,"complete"
census,"arity","3",,417,0,0,0,0,0,,,,,,,,,,,,,,"complete"
census,"arity","5",,2,0,0,0,0,0,,,,,,,,,,,,,,"complete"
census,"arity","9",,2,0,0,0,0,0,,,,,,,,,,,,,,"complete"
census,"callable_kind","procedure",,3362925,0,0,0,0,0,,,,,,,,,,,,,,"complete"
census,"callable_kind","method",,16,0,0,0,0,0,,,,,,,,,,,,,,"complete"
census,"callable_kind","factory",,2,0,0,0,0,0,,,,,,,,,,,,,,"complete"
census,"callable_kind","native",,0,0,0,0,0,0,,,,,,,,,,,,,,"complete"
census,"callable_kind","unknown",,0,0,0,0,0,0,,,,,,,,,,,,,,"complete"
census,"frame_disposition","fresh",,24,0,0,0,0,0,,,,,,,,,,,,,,"complete"
census,"frame_disposition","reused",,3362919,0,0,0,0,0,,,,,,,,,,,,,,"complete"
census,"frame_disposition","no_child_native",,0,0,0,0,0,0,,,,,,,,,,,,,,"complete"
census,"frame_disposition","none_failed",,0,0,0,0,0,0,,,,,,,,,,,,,,"complete"
census,"call_outcome","success",,3362943,0,0,0,0,0,,,,,,,,,,,,,,"complete"
census,"call_outcome","unresolved",,0,0,0,0,0,0,,,,,,,,,,,,,,"complete"
census,"call_outcome","frame_failed",,0,0,0,0,0,0,,,,,,,,,,,,,,"complete"
census,"call_outcome","invalid",,0,0,0,0,0,0,,,,,,,,,,,,,,"complete"
return,"placement","void",,280416,0,0,0,0,0,,,,,,,,,,,,,,"complete"
return,"placement","ret_reg_move_local",,3081524,0,0,0,0,0,,,,,,,,,,,,,,"complete"
return,"placement","ret_reg_copy_nonlocal",,0,0,0,0,0,0,,,,,,,,,,,,,,"complete"
return,"placement","value_ignored",,0,0,0,0,0,0,,,,,,,,,,,,,,"complete"
return,"placement","immediate",,1002,0,0,0,0,0,,,,,,,,,,,,,,"complete"
return,"placement","terminal_external",,1,0,0,0,0,0,,,,,,,,,,,,,,"complete"
dynamic,"srcmethodsel","attempt",,0,0,0,0,0,0,,,,,,,,,,,,,,"complete"
dynamic,"srcmethodsel","success",,0,0,0,0,0,0,,,,,,,,,,,,,,"complete"
dynamic,"srcmethodsel","failure",,0,0,0,0,0,0,,,,,,,,,,,,,,"complete"
dynamic,"srcfprocsel","attempt",,0,0,0,0,0,0,,,,,,,,,,,,,,"complete"
dynamic,"srcfprocsel","success",,0,0,0,0,0,0,,,,,,,,,,,,,,"complete"
dynamic,"srcfprocsel","failure",,0,0,0,0,0,0,,,,,,,,,,,,,,"complete"
mechanics,"call_window","setup_swaps",,561338,0,0,0,0,0,,,,,,,,,,,,,,"complete"
mechanics,"call_window","normal_restoration_swaps",,561338,0,0,0,0,0,,,,,,,,,,,,,,"complete"
mechanics,"call_window","unclassified_swaps",,840000,0,0,0,0,0,,,,,,,,,,,,,,"complete"
mechanics,"call_window","defensive_argument_copies",,0,0,0,0,0,0,,,,,,,,,,,,,,"complete"
mechanics,"call_window","unclassified_copies",,850,0,0,0,0,0,,,,,,,,,,,,,,"complete"
mechanics,"call_window","attribution_degraded",,0,0,0,0,0,0,,,,,,,,,,,,,,"complete"
unwind,"signal","events",,0,0,0,0,0,0,,,,,,,,,,,,,,"complete"
unwind,"signal","bytecode_frames_discarded",,0,0,0,0,0,0,,,,,,,,,,,,,,"complete"
unwind,"signal","argument_windows_restored",,0,0,0,0,0,0,,,,,,,,,,,,,,"complete"
unwind,"signal","argument_slots_restored",,0,0,0,0,0,0,,,,,,,,,,,,,,"complete"
unwind,"signal","interrupted_native_windows_restored",,0,0,0,0,0,0,,,,,,,,,,,,,,"complete"
unwind,"signal","interrupted_native_slots_restored",,0,0,0,0,0,0,,,,,,,,,,,,,,"complete"
unwind,"signal","restoration_failures",,0,0,0,0,0,0,,,,,,,,,,,,,,"complete"
call,"rexxcps_levelb.main","external_root",0,1,0,0,0,0,0,1,,,,"benchmark_rexxcps_levelb_noopt","procedure",,,"fresh","success",0,0,0,"complete"
call,"rxfnsb.verify","direct_bytecode",107,1,0,0,0,0,0,4,,,,"benchmark_rexxcps_levelb_noopt","procedure",,,"fresh","success",1,1,0,"complete"
call,"rxfnsb.version","direct_bytecode",180,1,0,0,0,0,0,0,,,,"benchmark_rexxcps_levelb_noopt","procedure",,,"fresh","success",0,0,0,"complete"
call,"rxfnsb.word","direct_bytecode",196,1,0,0,0,0,0,2,,,,"benchmark_rexxcps_levelb_noopt","procedure",,,"fresh","success",1,1,0,"complete"
call,"rxfnsb.stem.§factory","direct_bytecode",277,1,0,0,0,0,0,0,,,,"benchmark_rexxcps_levelb_noopt","factory",,,"fresh","success",0,0,0,"complete"
call,"rxfnsb.stem.§factory","direct_bytecode",284,1,0,0,0,0,0,0,,,,"benchmark_rexxcps_levelb_noopt","factory",,,"reused","success",0,0,0,"complete"
call,"rxfnsb.time","direct_bytecode",367,1,0,0,0,0,0,1,,,,"benchmark_rexxcps_levelb_noopt","procedure",,,"fresh","success",0,0,0,"complete"
call,"_rxsysb._elapsed","direct_bytecode",275,1,0,0,0,0,0,1,,,,"time","procedure",,,"fresh","success",1,1,0,"complete"
call,"_rxsysb._elapsed","direct_bytecode",308,400,0,0,0,0,0,1,,,,"time","procedure",,,"reused","success",0,0,0,"complete"
call,"_rxsysb._elapsed","direct_bytecode",315,400,0,0,0,0,0,1,,,,"time","procedure",,,"reused","success",400,400,0,"complete"
call,"rxfnsb.time","direct_bytecode",387,100,0,0,0,0,0,1,,,,"benchmark_rexxcps_levelb_noopt","procedure",,,"reused","success",0,0,0,"complete"
call,"_rxsysb._elapsed","direct_bytecode",275,399,0,0,0,0,0,1,,,,"time","procedure",,,"reused","success",399,399,0,"complete"
call,"rxfnsb.time","direct_bytecode",367,99,0,0,0,0,0,1,,,,"benchmark_rexxcps_levelb_noopt","procedure",,,"reused","success",0,0,0,"complete"
call,"rxfnsb._trace_mode_from_option","direct_bytecode",442,1,0,0,0,0,0,1,,,,"benchmark_rexxcps_levelb_noopt","procedure",,,"fresh","success",1,1,0,"complete"
call,"rxfnsb._trace_normalize_mode","direct_bytecode",15022,1,0,0,0,0,0,1,,,,"trace","procedure",,,"fresh","success",0,0,0,"complete"
call,"rxfnsb.strip","direct_bytecode",13055,1,0,0,0,0,0,3,,,,"trace","procedure",,,"fresh","success",1,1,0,"complete"
call,"rxfnsb.pos","direct_bytecode",13688,1,0,0,0,0,0,3,,,,"trace","procedure",,,"fresh","success",1,1,0,"complete"
call,"rxfnsb._trace_set","direct_bytecode",455,1,0,0,0,0,0,1,,,,"benchmark_rexxcps_levelb_noopt","procedure",,,"fresh","success",0,0,0,"complete"
call,"rxfnsb._trace_ensure_runtime","direct_bytecode",10111,1,0,0,0,0,0,0,,,,"trace","procedure",,,"fresh","success",0,0,0,"complete"
call,"rxfnsb.tracecontroller.add_suppressed_namespace","direct_bytecode",12796,1,0,0,0,0,0,2,,,,"trace","method",,,"fresh","success",0,0,0,"complete"
call,"rxfnsb.strip","direct_bytecode",4263,16,0,0,0,0,0,3,,,,"trace","procedure",,,"reused","success",16,16,0,"complete"
call,"rxfnsb.tracecontroller.add_suppressed_namespace","direct_bytecode",12810,1,0,0,0,0,0,2,,,,"trace","method",,,"reused","success",0,0,0,"complete"
call,"rxfnsb.tracecontroller.add_suppressed_namespace","direct_bytecode",12824,1,0,0,0,0,0,2,,,,"trace","method",,,"reused","success",0,0,0,"complete"
call,"rxfnsb.tracecontroller.add_suppressed_namespace","direct_bytecode",12838,1,0,0,0,0,0,2,,,,"trace","method",,,"reused","success",0,0,0,"complete"
call,"rxfnsb.tracecontroller.add_suppressed_namespace","direct_bytecode",12852,1,0,0,0,0,0,2,,,,"trace","method",,,"reused","success",0,0,0,"complete"
call,"rxfnsb.tracecontroller.add_suppressed_namespace","direct_bytecode",12866,1,0,0,0,0,0,2,,,,"trace","method",,,"reused","success",0,0,0,"complete"
call,"rxfnsb.tracecontroller.add_suppressed_namespace","direct_bytecode",12880,1,0,0,0,0,0,2,,,,"trace","method",,,"reused","success",0,0,0,"complete"
call,"rxfnsb.tracecontroller.add_suppressed_namespace","direct_bytecode",12894,1,0,0,0,0,0,2,,,,"trace","method",,,"reused","success",0,0,0,"complete"
call,"rxfnsb.tracecontroller.add_suppressed_namespace","direct_bytecode",12908,1,0,0,0,0,0,2,,,,"trace","method",,,"reused","success",0,0,0,"complete"
call,"rxfnsb.tracecontroller.add_suppressed_namespace","direct_bytecode",12922,1,0,0,0,0,0,2,,,,"trace","method",,,"reused","success",0,0,0,"complete"
call,"rxfnsb.tracecontroller.add_suppressed_namespace","direct_bytecode",12936,1,0,0,0,0,0,2,,,,"trace","method",,,"reused","success",0,0,0,"complete"
call,"rxfnsb.tracecontroller.add_suppressed_namespace","direct_bytecode",12950,1,0,0,0,0,0,2,,,,"trace","method",,,"reused","success",0,0,0,"complete"
call,"rxfnsb.tracecontroller.add_suppressed_namespace","direct_bytecode",12964,1,0,0,0,0,0,2,,,,"trace","method",,,"reused","success",0,0,0,"complete"
call,"rxfnsb.tracecontroller.add_suppressed_namespace","direct_bytecode",12978,1,0,0,0,0,0,2,,,,"trace","method",,,"reused","success",0,0,0,"complete"
call,"rxfnsb.tracecontroller.add_suppressed_namespace","direct_bytecode",12992,1,0,0,0,0,0,2,,,,"trace","method",,,"reused","success",0,0,0,"complete"
call,"rxfnsb.tracecontroller.add_suppressed_namespace","direct_bytecode",13006,1,0,0,0,0,0,2,,,,"trace","method",,,"reused","success",0,0,0,"complete"
call,"rxfnsb._trace_normalize_mode","direct_bytecode",10117,100,0,0,0,0,0,1,,,,"trace","procedure",,,"reused","success",0,0,0,"complete"
call,"rxfnsb.strip","direct_bytecode",13055,199,0,0,0,0,0,3,,,,"trace","procedure",,,"reused","success",199,199,0,"complete"
call,"rxfnsb.pos","direct_bytecode",13688,199,0,0,0,0,0,3,,,,"trace","procedure",,,"reused","success",199,199,0,"complete"
call,"rxfnsb._trace_current_mode","direct_bytecode",464,1,0,0,0,0,0,0,,,,"benchmark_rexxcps_levelb_noopt","procedure",,,"fresh","success",0,0,0,"complete"
call,"rxfnsb._trace_ensure_runtime","direct_bytecode",11734,100,0,0,0,0,0,0,,,,"trace","procedure",,,"reused","success",0,0,0,"complete"
call,"rexxcps_levelb.__rxtrace_reset_display_state","direct_bytecode",468,1,0,0,0,0,0,0,,,,"benchmark_rexxcps_levelb_noopt","procedure",,,"fresh","success",0,0,0,"complete"
call,"rxfnsb.time","direct_bytecode",514,100,0,0,0,0,0,1,,,,"benchmark_rexxcps_levelb_noopt","procedure",,,"reused","success",0,0,0,"complete"
call,"rxfnsb.substr","direct_bytecode",640,1,0,0,0,0,0,4,,,,"benchmark_rexxcps_levelb_noopt","procedure",,,"fresh","success",0,0,0,"complete"
call,"rxfnsb.length","direct_bytecode",734,1,0,0,0,0,0,1,,,,"benchmark_rexxcps_levelb_noopt","procedure",,,"fresh","success",0,0,0,"complete"
call,"rxfnsb.substr","direct_bytecode",787,560000,0,0,0,0,0,4,,,,"benchmark_rexxcps_levelb_noopt","procedure",,,"reused","success",0,0,0,"complete"
call,"rxfnsb.word","direct_bytecode",814,560000,0,0,0,0,0,2,,,,"benchmark_rexxcps_levelb_noopt","procedure",,,"reused","success",560000,560000,0,"complete"
call,"rxfnsb.length","direct_bytecode",734,559999,0,0,0,0,0,1,,,,"benchmark_rexxcps_levelb_noopt","procedure",,,"reused","success",0,0,0,"complete"
call,"rxfnsb.upper","direct_bytecode",1191,1,0,0,0,0,0,1,,,,"benchmark_rexxcps_levelb_noopt","procedure",,,"fresh","success",0,0,0,"complete"
call,"rxfnsb.upper","direct_bytecode",1203,280000,0,0,0,0,0,1,,,,"benchmark_rexxcps_levelb_noopt","procedure",,,"reused","success",0,0,0,"complete"
call,"rxfnsb.upper","direct_bytecode",1215,280000,0,0,0,0,0,1,,,,"benchmark_rexxcps_levelb_noopt","procedure",,,"reused","success",0,0,0,"complete"
call,"rxfnsb.upper","direct_bytecode",1246,280000,0,0,0,0,0,1,,,,"benchmark_rexxcps_levelb_noopt","procedure",,,"reused","success",0,0,0,"complete"
call,"rexxcps_levelb.cps_subroutine","direct_bytecode",1264,1,0,0,0,0,0,4,,,,"benchmark_rexxcps_levelb_noopt","procedure",,,"fresh","success",0,0,0,"complete"
call,"rxfnsb.substr","direct_bytecode",640,279999,0,0,0,0,0,4,,,,"benchmark_rexxcps_levelb_noopt","procedure",,,"reused","success",0,0,0,"complete"
call,"rxfnsb.upper","direct_bytecode",1191,279999,0,0,0,0,0,1,,,,"benchmark_rexxcps_levelb_noopt","procedure",,,"reused","success",0,0,0,"complete"
call,"rexxcps_levelb.cps_subroutine","direct_bytecode",1264,279999,0,0,0,0,0,4,,,,"benchmark_rexxcps_levelb_noopt","procedure",,,"reused","success",0,0,0,"complete"
call,"rxfnsb.time","direct_bytecode",1365,100,0,0,0,0,0,1,,,,"benchmark_rexxcps_levelb_noopt","procedure",,,"reused","success",0,0,0,"complete"
call,"rxfnsb._trace_set_off","direct_bytecode",1384,1,0,0,0,0,0,0,,,,"benchmark_rexxcps_levelb_noopt","procedure",,,"fresh","success",0,0,0,"complete"
call,"rxfnsb._trace_mode_from_option","direct_bytecode",442,99,0,0,0,0,0,1,,,,"benchmark_rexxcps_levelb_noopt","procedure",,,"reused","success",99,99,0,"complete"
call,"rxfnsb._trace_normalize_mode","direct_bytecode",15022,99,0,0,0,0,0,1,,,,"trace","procedure",,,"reused","success",0,0,0,"complete"
call,"rxfnsb._trace_set","direct_bytecode",455,99,0,0,0,0,0,1,,,,"benchmark_rexxcps_levelb_noopt","procedure",,,"reused","success",0,0,0,"complete"
call,"rxfnsb._trace_ensure_runtime","direct_bytecode",10111,99,0,0,0,0,0,0,,,,"trace","procedure",,,"reused","success",0,0,0,"complete"
call,"rxfnsb._trace_current_mode","direct_bytecode",464,99,0,0,0,0,0,0,,,,"benchmark_rexxcps_levelb_noopt","procedure",,,"reused","success",0,0,0,"complete"
call,"rexxcps_levelb.__rxtrace_reset_display_state","direct_bytecode",468,99,0,0,0,0,0,0,,,,"benchmark_rexxcps_levelb_noopt","procedure",,,"reused","success",0,0,0,"complete"
call,"rxfnsb._trace_set_off","direct_bytecode",1384,99,0,0,0,0,0,0,,,,"benchmark_rexxcps_levelb_noopt","procedure",,,"reused","success",0,0,0,"complete"
call,"rxfnsb.floatformat","direct_bytecode",1503,1,0,0,0,0,0,5,,,,"benchmark_rexxcps_levelb_noopt","procedure",,,"fresh","success",1,1,0,"complete"
call,"_rxsysb._typedformat","direct_bytecode",160,1,0,0,0,0,0,9,,,,"floatformat","procedure",,,"fresh","success",9,9,0,"complete"
call,"rxfnsb.left","direct_bytecode",1598,1,0,0,0,0,0,3,,,,"benchmark_rexxcps_levelb_noopt","procedure",,,"fresh","success",1,1,0,"complete"
call,"rxfnsb.floatformat","direct_bytecode",1683,1,0,0,0,0,0,5,,,,"benchmark_rexxcps_levelb_noopt","procedure",,,"reused","success",0,0,0,"complete"
call,"_rxsysb._typedformat","direct_bytecode",160,1,0,0,0,0,0,9,,,,"floatformat","procedure",,,"reused","success",9,9,0,"complete"
