vm,macro_opcode,component_position,component_opcode,macro_count,baseline_global_count,baseline_global_total_ns,baseline_average_ns,estimated_total_at_macro_count_ns,timer_read_min_ns,average_below_timer_min
rxvm,NUMCTX_INT_INT_INT_INT_INT,1,SETNUMDGTS_INT,0,0,0,0.000000,0.000,41,0
rxvm,NUMCTX_INT_INT_INT_INT_INT,2,SETNUMFUZ_INT,0,4,292,73.000000,0.000,41,0
rxvm,NUMCTX_INT_INT_INT_INT_INT,3,SETNUMFRM_INT,0,0,0,0.000000,0.000,41,0
rxvm,NUMCTX_INT_INT_INT_INT_INT,4,SETNUMCAS_INT,0,2,124,62.000000,0.000,41,0
rxvm,NUMCTX_INT_INT_INT_INT_INT,5,SETNUMSTD_INT,0,4,584,146.000000,0.000,41,0
rxvm,SWAPN_REG_REG_REG_REG,1,SWAP_REG_REG,11200,163212,4019980,24.630419,275860.697,41,1
rxvm,SWAPN_REG_REG_REG_REG,2,SWAP_REG_REG,11200,163212,4019980,24.630419,275860.697,41,1
rxvm,SWAPN_REG_REG_REG_REG_REG_REG,1,SWAP_REG_REG,1409,163212,4019980,24.630419,34704.261,41,1
rxvm,SWAPN_REG_REG_REG_REG_REG_REG,2,SWAP_REG_REG,1409,163212,4019980,24.630419,34704.261,41,1
rxvm,SWAPN_REG_REG_REG_REG_REG_REG,3,SWAP_REG_REG,1409,163212,4019980,24.630419,34704.261,41,1
rxvm,SWAPN_REG_REG_REG_REG_REG_REG_REG_REG,1,SWAP_REG_REG,1406,163212,4019980,24.630419,34630.370,41,1
rxvm,SWAPN_REG_REG_REG_REG_REG_REG_REG_REG,2,SWAP_REG_REG,1406,163212,4019980,24.630419,34630.370,41,1
rxvm,SWAPN_REG_REG_REG_REG_REG_REG_REG_REG,3,SWAP_REG_REG,1406,163212,4019980,24.630419,34630.370,41,1
rxvm,SWAPN_REG_REG_REG_REG_REG_REG_REG_REG,4,SWAP_REG_REG,1406,163212,4019980,24.630419,34630.370,41,1
rxvm,SETTPSWAP_REG_INT_REG,1,SETTP_REG_INT,2800,216807,2774516,12.797170,35832.076,41,1
rxvm,SETTPSWAP_REG_INT_REG,2,SWAP_REG_REG,2800,163212,4019980,24.630419,68965.174,41,1
rxvm,LOADSETTP2_REG_INT_REG_INT,1,LOAD_REG_INT,5610,669930,8596184,12.831466,71984.524,41,1
rxvm,LOADSETTP2_REG_INT_REG_INT,2,SETTP_REG_INT,5610,216807,2774516,12.797170,71792.123,41,1
rxvm,LOADSETTPSWAP_REG_INT_REG_INT_REG,1,LOAD_REG_INT,56274,669930,8596184,12.831466,722077.916,41,1
rxvm,LOADSETTPSWAP_REG_INT_REG_INT_REG,2,SETTP_REG_INT,56274,216807,2774516,12.797170,720147.935,41,1
rxvm,LOADSETTPSWAP_REG_INT_REG_INT_REG,3,SWAP_REG_REG,56274,163212,4019980,24.630419,1386052.217,41,1
rxvm,SWAPSETTP_REG_REG_REG_INT,1,SWAP_REG_REG,2,163212,4019980,24.630419,49.261,41,1
rxvm,SWAPSETTP_REG_REG_REG_INT,2,SETTP_REG_INT,2,216807,2774516,12.797170,25.594,41,1
rxvm,SWAPSETTPSWAP_REG_REG_REG_INT_REG,1,SWAP_REG_REG,0,163212,4019980,24.630419,0.000,41,1
rxvm,SWAPSETTPSWAP_REG_REG_REG_INT_REG,2,SETTP_REG_INT,0,216807,2774516,12.797170,0.000,41,1
rxvm,SWAPSETTPSWAP_REG_REG_REG_INT_REG,3,SWAP_REG_REG,0,163212,4019980,24.630419,0.000,41,1
rxvm,SETTPSWAPSETTP_REG_INT_REG_REG,1,SETTP_REG_INT,0,216807,2774516,12.797170,0.000,41,1
rxvm,SETTPSWAPSETTP_REG_INT_REG_REG,2,SWAP_REG_REG,0,163212,4019980,24.630419,0.000,41,1
rxvm,SETTPSWAPSETTP_REG_INT_REG_REG,3,SETTP_REG_INT,0,216807,2774516,12.797170,0.000,41,1
rxvm,SETTPSWAPSETTPSWAP_REG_INT_REG_REG_REG,1,SETTP_REG_INT,1407,216807,2774516,12.797170,18005.618,41,1
rxvm,SETTPSWAPSETTPSWAP_REG_INT_REG_REG_REG,2,SWAP_REG_REG,1407,163212,4019980,24.630419,34655.000,41,1
rxvm,SETTPSWAPSETTPSWAP_REG_INT_REG_REG_REG,3,SETTP_REG_INT,1407,216807,2774516,12.797170,18005.618,41,1
rxvm,SETTPSWAPSETTPSWAP_REG_INT_REG_REG_REG,4,SWAP_REG_REG,1407,163212,4019980,24.630419,34655.000,41,1
rxvm,NULLN_REG_REG,1,NULL_REG,116308,1359142,17319085,12.742660,1482073.351,41,1
rxvm,NULLN_REG_REG,2,NULL_REG,116308,1359142,17319085,12.742660,1482073.351,41,1
rxvm,NULLN_REG_REG_REG,1,NULL_REG,31450,1359142,17319085,12.742660,400756.671,41,1
rxvm,NULLN_REG_REG_REG,2,NULL_REG,31450,1359142,17319085,12.742660,400756.671,41,1
rxvm,NULLN_REG_REG_REG,3,NULL_REG,31450,1359142,17319085,12.742660,400756.671,41,1
rxvm,NULLN_REG_REG_REG_REG,1,NULL_REG,239426,1359142,17319085,12.742660,3050924.219,41,1
rxvm,NULLN_REG_REG_REG_REG,2,NULL_REG,239426,1359142,17319085,12.742660,3050924.219,41,1
rxvm,NULLN_REG_REG_REG_REG,3,NULL_REG,239426,1359142,17319085,12.742660,3050924.219,41,1
rxvm,NULLN_REG_REG_REG_REG,4,NULL_REG,239426,1359142,17319085,12.742660,3050924.219,41,1
rxvm,ILOADCOPY_REG_REG_INT,1,LOAD_REG_INT,0,669930,8596184,12.831466,0.000,41,1
rxvm,ILOADCOPY_REG_REG_INT,2,ICOPY_REG_REG,0,1125713,14246568,12.655595,0.000,41,1
rxvm,ILOADN_REG_INT_REG_INT,1,LOAD_REG_INT,0,669930,8596184,12.831466,0.000,41,1
rxvm,ILOADN_REG_INT_REG_INT,2,LOAD_REG_INT,0,669930,8596184,12.831466,0.000,41,1
rxvm,ILOADN_REG_REG_INT,1,LOAD_REG_INT,0,669930,8596184,12.831466,0.000,41,1
rxvm,ILOADN_REG_REG_INT,2,LOAD_REG_INT,0,669930,8596184,12.831466,0.000,41,1
rxvm,SWAPCALL_REG_FUNC_REG_REG_REG,1,SWAP_REG_REG,802,163212,4019980,24.630419,19753.596,41,1
rxvm,SWAPCALL_REG_FUNC_REG_REG_REG,2,CALL_REG_FUNC_REG,802,106880,21091315,197.336405,158263.797,41,0
rxvm,SETTPSWAPCALL_REG_FUNC_REG_REG_INT_REG,1,SETTP_REG_INT,10100,216807,2774516,12.797170,129251.415,41,1
rxvm,SETTPSWAPCALL_REG_FUNC_REG_REG_INT_REG,2,SWAP_REG_REG,10100,163212,4019980,24.630419,248767.235,41,1
rxvm,SETTPSWAPCALL_REG_FUNC_REG_REG_INT_REG,3,CALL_REG_FUNC_REG,10100,106880,21091315,197.336405,1993097.694,41,0
rxvm,SETTPCALL_REG_FUNC_REG_REG_INT,1,SETTP_REG_INT,56968,216807,2774516,12.797170,729029.171,41,1
rxvm,SETTPCALL_REG_FUNC_REG_REG_INT,2,CALL_REG_FUNC_REG,56968,106880,21091315,197.336405,11241860.338,41,0
rxvm,UNLINKN_REG_REG,1,UNLINK_REG,44136,499186,6205911,12.432061,548701.462,41,1
rxvm,UNLINKN_REG_REG,2,UNLINK_REG,44136,499186,6205911,12.432061,548701.462,41,1
rxvm,ISETUNLINK_REG_REG,1,ICOPY_REG_REG,9800,1125713,14246568,12.655595,124024.833,41,1
rxvm,ISETUNLINK_REG_REG,2,UNLINK_REG,9800,499186,6205911,12.432061,121834.202,41,1
rxvm,IGETUNLINK_REG_REG,1,ICOPY_REG_REG,40331,1125713,14246568,12.655595,510412.809,41,1
rxvm,IGETUNLINK_REG_REG,2,UNLINK_REG,40331,499186,6205911,12.432061,501397.468,41,1
rxvm,ILOADSETUNLINK_REG_INT,1,LOAD_REG_INT,0,669930,8596184,12.831466,0.000,41,1
rxvm,ILOADSETUNLINK_REG_INT,2,ICOPY_REG_REG,0,1125713,14246568,12.655595,0.000,41,1
rxvm,ILOADSETUNLINK_REG_INT,3,UNLINK_REG,0,499186,6205911,12.432061,0.000,41,1
rxvm,ISETUNLINKN_REG_REG_REG,1,ICOPY_REG_REG,0,1125713,14246568,12.655595,0.000,41,1
rxvm,ISETUNLINKN_REG_REG_REG,2,UNLINK_REG,0,499186,6205911,12.432061,0.000,41,1
rxvm,ISETUNLINKN_REG_REG_REG,3,UNLINK_REG,0,499186,6205911,12.432061,0.000,41,1
rxvm,UNLINKBR_REG_ID,1,UNLINK_REG,18200,499186,6205911,12.432061,226263.517,41,1
rxvm,UNLINKBR_REG_ID,2,BR_ID,18200,802260,9674609,12.059194,219477.331,41,1
rxvm,ILOADSETUNLINKN_REG_INT_REG,1,LOAD_REG_INT,0,669930,8596184,12.831466,0.000,41,1
rxvm,ILOADSETUNLINKN_REG_INT_REG,2,ICOPY_REG_REG,0,1125713,14246568,12.655595,0.000,41,1
rxvm,ILOADSETUNLINKN_REG_INT_REG,3,UNLINK_REG,0,499186,6205911,12.432061,0.000,41,1
rxvm,ILOADSETUNLINKN_REG_INT_REG,4,UNLINK_REG,0,499186,6205911,12.432061,0.000,41,1
rxvm,SETLINKATTR1_REG_REG_INT_INT,1,SETATTRS_REG_INT,0,23625,347548,14.711026,0.000,41,1
rxvm,SETLINKATTR1_REG_REG_INT_INT,2,LINKATTR1_REG_REG_INT,0,306613,3963235,12.925854,0.000,41,1
rxvm,SETLINKATTR1_REG_REG_INT_REG,1,SETATTRS_REG_INT,19415,23625,347548,14.711026,285614.579,41,1
rxvm,SETLINKATTR1_REG_REG_INT_REG,2,LINKATTR1_REG_REG_REG,19415,214780,2854220,13.289040,258006.711,41,1
rxvm,SETLINKATTR1_REG_REG_INT_REG_INT,1,SETATTRS_REG_INT,0,23625,347548,14.711026,0.000,41,1
rxvm,SETLINKATTR1_REG_REG_INT_REG_INT,2,IADD_REG_REG_INT,0,575484,7445427,12.937679,0.000,41,1
rxvm,SETLINKATTR1_REG_REG_INT_REG_INT,3,LINKATTR1_REG_REG_REG,0,214780,2854220,13.289040,0.000,41,1
rxvm,MINLINKATTR1_REG_REG_INT,1,MINATTRS_REG_INT,28002,28003,426402,15.227011,426386.773,41,1
rxvm,MINLINKATTR1_REG_REG_INT,2,LINKATTR1_REG_REG_INT,28002,306613,3963235,12.925854,361949.775,41,1
rxvm,MINLINKATTR1_REG_REG_REG_INT,1,MINATTRS_REG_REG_INT,195365,195365,3084811,15.789988,3084811.000,41,1
rxvm,MINLINKATTR1_REG_REG_REG_INT,2,LINKATTR1_REG_REG_REG,195365,214780,2854220,13.289040,2596213.289,41,1
rxvm,ITOF_REG_REG,1,ICOPY_REG_REG,1,1125713,14246568,12.655595,12.656,41,1
rxvm,ITOF_REG_REG,2,ITOF_REG,1,401,7919,19.748130,19.748,41,1
rxvm,STOI_REG_REG,1,STOI_REG,0,11201,333906,29.810374,0.000,41,1
rxvm,STOI_REG_REG,2,ICOPY_REG_REG,0,1125713,14246568,12.655595,0.000,41,1
rxvm,FDIVSUB_REG_REG_REG_FLOAT,1,FDIV_REG_REG_REG,0,1,166,166.000000,0.000,41,0
rxvm,FDIVSUB_REG_REG_REG_FLOAT,2,FSUB_REG_REG_FLOAT,0,0,0,0.000000,0.000,41,0
rxvm,FMULTICOPY_REG_FLOAT_REG_REG,1,FMULT_REG_REG_FLOAT,0,0,0,0.000000,0.000,41,0
rxvm,FMULTICOPY_REG_FLOAT_REG_REG,2,ICOPY_REG_REG,0,1125713,14246568,12.655595,0.000,41,1
rxvm,FSUBILOAD_REG_REG_FLOAT_REG_INT,1,FSUB_REG_REG_FLOAT,0,0,0,0.000000,0.000,41,0
rxvm,FSUBILOAD_REG_REG_FLOAT_REG_INT,2,LOAD_REG_INT,0,669930,8596184,12.831466,0.000,41,1
rxvm,ITOSCONCAT_REG_STRING_REG,1,ITOS_REG,12600,12606,787822,62.495796,787447.025,41,0
rxvm,ITOSCONCAT_REG_STRING_REG,2,CONCAT_REG_STRING_REG,12600,14002,227595,16.254464,204806.242,41,1
rxvm,SCONCATITOS_REG_STRING_REG,1,SCONCAT_REG_REG_STRING,5,12,1667,138.916667,694.583,41,0
rxvm,SCONCATITOS_REG_STRING_REG,2,ITOS_REG,5,12606,787822,62.495796,312.479,41,0
rxvm,ILOADGETATTRS_REG_INT_REG_REG_INT,1,LOAD_REG_INT,0,669930,8596184,12.831466,0.000,41,1
rxvm,ILOADGETATTRS_REG_INT_REG_REG_INT,2,GETATTRS_REG_REG_INT,0,37816,509005,13.460043,0.000,41,1
rxvm,IGETATTR1_REG_REG_INT,1,LINKATTR1_REG_REG_INT,0,306613,3963235,12.925854,0.000,41,1
rxvm,IGETATTR1_REG_REG_INT,2,ICOPY_REG_REG,0,1125713,14246568,12.655595,0.000,41,1
rxvm,IGETATTR1_REG_REG_INT,3,UNLINK_REG,0,499186,6205911,12.432061,0.000,41,1
rxvm,MINIGETATTR1_REG_REG_INT,1,MINATTRS_REG_INT,0,28003,426402,15.227011,0.000,41,1
rxvm,MINIGETATTR1_REG_REG_INT,2,LINKATTR1_REG_REG_INT,0,306613,3963235,12.925854,0.000,41,1
rxvm,MINIGETATTR1_REG_REG_INT,3,ICOPY_REG_REG,0,1125713,14246568,12.655595,0.000,41,1
rxvm,MINIGETATTR1_REG_REG_INT,4,UNLINK_REG,0,499186,6205911,12.432061,0.000,41,1
rxvm,ISETATTR1_REG_INT_REG,1,LINKATTR1_REG_REG_INT,19253,306613,3963235,12.925854,248861.475,41,1
rxvm,ISETATTR1_REG_INT_REG,2,ICOPY_REG_REG,19253,1125713,14246568,12.655595,243658.174,41,1
rxvm,ISETATTR1_REG_INT_REG,3,UNLINK_REG,19253,499186,6205911,12.432061,239354.478,41,1
rxvm,ISETATTR1_REG_INT_INT,1,LINKATTR1_REG_REG_INT,0,306613,3963235,12.925854,0.000,41,1
rxvm,ISETATTR1_REG_INT_INT,2,LOAD_REG_INT,0,669930,8596184,12.831466,0.000,41,1
rxvm,ISETATTR1_REG_INT_INT,3,ICOPY_REG_REG,0,1125713,14246568,12.655595,0.000,41,1
rxvm,ISETATTR1_REG_INT_INT,4,UNLINK_REG,0,499186,6205911,12.432061,0.000,41,1
rxvm,RELINKATTR1_REG_REG_INT,1,UNLINK_REG,0,499186,6205911,12.432061,0.000,41,1
rxvm,RELINKATTR1_REG_REG_INT,2,LINKATTR1_REG_REG_INT,0,306613,3963235,12.925854,0.000,41,1
rxvm,UNLINKRELINKATTR1_REG_REG_REG_INT,1,UNLINK_REG,0,499186,6205911,12.432061,0.000,41,1
rxvm,UNLINKRELINKATTR1_REG_REG_REG_INT,2,UNLINK_REG,0,499186,6205911,12.432061,0.000,41,1
rxvm,UNLINKRELINKATTR1_REG_REG_REG_INT,3,LINKATTR1_REG_REG_INT,0,306613,3963235,12.925854,0.000,41,1
rxvm,LINKSETATTRS_REG_REG_INT_INT,1,LINKATTR1_REG_REG_INT,0,306613,3963235,12.925854,0.000,41,1
rxvm,LINKSETATTRS_REG_REG_INT_INT,2,SETATTRS_REG_INT,0,23625,347548,14.711026,0.000,41,1
rxvm,LINKSETATTRSADD_REG_REG_INT_INT_REG_REG_INT,1,LINKATTR1_REG_REG_INT,0,306613,3963235,12.925854,0.000,41,1
rxvm,LINKSETATTRSADD_REG_REG_INT_INT_REG_REG_INT,2,SETATTRS_REG_INT,0,23625,347548,14.711026,0.000,41,1
rxvm,LINKSETATTRSADD_REG_REG_INT_INT_REG_REG_INT,3,IADD_REG_REG_INT,0,575484,7445427,12.937679,0.000,41,1
rxvm,LINKSETATTRSLINKADD_REG_REG_INT_INT_REG_REG_INT,1,LINKATTR1_REG_REG_INT,0,306613,3963235,12.925854,0.000,41,1
rxvm,LINKSETATTRSLINKADD_REG_REG_INT_INT_REG_REG_INT,2,SETATTRS_REG_INT,0,23625,347548,14.711026,0.000,41,1
rxvm,LINKSETATTRSLINKADD_REG_REG_INT_INT_REG_REG_INT,3,IADD_REG_REG_INT,0,575484,7445427,12.937679,0.000,41,1
rxvm,LINKSETATTRSLINKADD_REG_REG_INT_INT_REG_REG_INT,4,LINKATTR1_REG_REG_REG,0,214780,2854220,13.289040,0.000,41,1
rxvm,SETATTRSADD_REG_INT_REG_REG_INT,1,SETATTRS_REG_INT,0,23625,347548,14.711026,0.000,41,1
rxvm,SETATTRSADD_REG_INT_REG_REG_INT,2,IADD_REG_REG_INT,0,575484,7445427,12.937679,0.000,41,1
rxvm,LINKILOAD_REG_REG_REG_REG_INT,1,LINKATTR1_REG_REG_REG,0,214780,2854220,13.289040,0.000,41,1
rxvm,LINKILOAD_REG_REG_REG_REG_INT,2,LOAD_REG_INT,0,669930,8596184,12.831466,0.000,41,1
rxvm,SETLINKILOAD_REG_REG_INT_REG_REG_INT,1,SETATTRS_REG_INT,0,23625,347548,14.711026,0.000,41,1
rxvm,SETLINKILOAD_REG_REG_INT_REG_REG_INT,2,LINKATTR1_REG_REG_REG,0,214780,2854220,13.289040,0.000,41,1
rxvm,SETLINKILOAD_REG_REG_INT_REG_REG_INT,3,LOAD_REG_INT,0,669930,8596184,12.831466,0.000,41,1
rxvm,UNLINKLINKATTR1_REG_REG_REG_INT,1,UNLINK_REG,15,499186,6205911,12.432061,186.481,41,1
rxvm,UNLINKLINKATTR1_REG_REG_REG_INT,2,LINKATTR1_REG_REG_INT,15,306613,3963235,12.925854,193.888,41,1
rxvm,LINKATTR1ADD_REG_REG_REG_INT,1,IADD_REG_REG_INT,0,575484,7445427,12.937679,0.000,41,1
rxvm,LINKATTR1ADD_REG_REG_REG_INT,2,LINKATTR1_REG_REG_REG,0,214780,2854220,13.289040,0.000,41,1
rxvm,ISETATTR1_REG_REG_INT,1,LINKATTR1_REG_REG_REG,0,214780,2854220,13.289040,0.000,41,1
rxvm,ISETATTR1_REG_REG_INT,2,LOAD_REG_INT,0,669930,8596184,12.831466,0.000,41,1
rxvm,ISETATTR1_REG_REG_INT,3,ICOPY_REG_REG,0,1125713,14246568,12.655595,0.000,41,1
rxvm,ISETATTR1_REG_REG_INT,4,UNLINK_REG,0,499186,6205911,12.432061,0.000,41,1
rxvm,STOIATTR1_REG_REG_INT,1,LINKATTR1_REG_REG_INT,0,306613,3963235,12.925854,0.000,41,1
rxvm,STOIATTR1_REG_REG_INT,2,STOI_REG,0,11201,333906,29.810374,0.000,41,1
rxvm,STOIATTR1_REG_REG_INT,3,ICOPY_REG_REG,0,1125713,14246568,12.655595,0.000,41,1
rxvm,STOIATTR1_REG_REG_INT,4,UNLINK_REG,0,499186,6205911,12.432061,0.000,41,1
rxvm,MINSTOIATTR1_REG_REG_INT,1,MINATTRS_REG_INT,1,28003,426402,15.227011,15.227,41,1
rxvm,MINSTOIATTR1_REG_REG_INT,2,LINKATTR1_REG_REG_INT,1,306613,3963235,12.925854,12.926,41,1
rxvm,MINSTOIATTR1_REG_REG_INT,3,STOI_REG,1,11201,333906,29.810374,29.810,41,1
rxvm,MINSTOIATTR1_REG_REG_INT,4,ICOPY_REG_REG,1,1125713,14246568,12.655595,12.656,41,1
rxvm,MINSTOIATTR1_REG_REG_INT,5,UNLINK_REG,1,499186,6205911,12.432061,12.432,41,1
rxvm,ILOADSETUNLINK_REG_REG_INT,1,LOAD_REG_INT,0,669930,8596184,12.831466,0.000,41,1
rxvm,ILOADSETUNLINK_REG_REG_INT,2,ICOPY_REG_REG,0,1125713,14246568,12.655595,0.000,41,1
rxvm,ILOADSETUNLINK_REG_REG_INT,3,UNLINK_REG,0,499186,6205911,12.432061,0.000,41,1
rxvm,ILOADSETUNLINKN_REG_REG_INT_REG,1,LOAD_REG_INT,15,669930,8596184,12.831466,192.472,41,1
rxvm,ILOADSETUNLINKN_REG_REG_INT_REG,2,ICOPY_REG_REG,15,1125713,14246568,12.655595,189.834,41,1
rxvm,ILOADSETUNLINKN_REG_REG_INT_REG,3,UNLINK_REG,15,499186,6205911,12.432061,186.481,41,1
rxvm,ILOADSETUNLINKN_REG_REG_INT_REG,4,UNLINK_REG,15,499186,6205911,12.432061,186.481,41,1
rxvm,LINKILOADSETUNLINK_REG_REG_REG_REG_INT,1,LINKATTR1_REG_REG_REG,0,214780,2854220,13.289040,0.000,41,1
rxvm,LINKILOADSETUNLINK_REG_REG_REG_REG_INT,2,LOAD_REG_INT,0,669930,8596184,12.831466,0.000,41,1
rxvm,LINKILOADSETUNLINK_REG_REG_REG_REG_INT,3,ICOPY_REG_REG,0,1125713,14246568,12.655595,0.000,41,1
rxvm,LINKILOADSETUNLINK_REG_REG_REG_REG_INT,4,UNLINK_REG,0,499186,6205911,12.432061,0.000,41,1
rxbvm,NUMCTX_INT_INT_INT_INT_INT,1,SETNUMDGTS_INT,0,0,0,0.000000,0.000,41,0
rxbvm,NUMCTX_INT_INT_INT_INT_INT,2,SETNUMFUZ_INT,0,4,583,145.750000,0.000,41,0
rxbvm,NUMCTX_INT_INT_INT_INT_INT,3,SETNUMFRM_INT,0,0,0,0.000000,0.000,41,0
rxbvm,NUMCTX_INT_INT_INT_INT_INT,4,SETNUMCAS_INT,0,2,12458,6229.000000,0.000,41,0
rxbvm,NUMCTX_INT_INT_INT_INT_INT,5,SETNUMSTD_INT,0,4,501,125.250000,0.000,41,0
rxbvm,SWAPN_REG_REG_REG_REG,1,SWAP_REG_REG,11200,163212,3929941,24.078750,269682.004,41,1
rxbvm,SWAPN_REG_REG_REG_REG,2,SWAP_REG_REG,11200,163212,3929941,24.078750,269682.004,41,1
rxbvm,SWAPN_REG_REG_REG_REG_REG_REG,1,SWAP_REG_REG,1409,163212,3929941,24.078750,33926.959,41,1
rxbvm,SWAPN_REG_REG_REG_REG_REG_REG,2,SWAP_REG_REG,1409,163212,3929941,24.078750,33926.959,41,1
rxbvm,SWAPN_REG_REG_REG_REG_REG_REG,3,SWAP_REG_REG,1409,163212,3929941,24.078750,33926.959,41,1
rxbvm,SWAPN_REG_REG_REG_REG_REG_REG_REG_REG,1,SWAP_REG_REG,1406,163212,3929941,24.078750,33854.723,41,1
rxbvm,SWAPN_REG_REG_REG_REG_REG_REG_REG_REG,2,SWAP_REG_REG,1406,163212,3929941,24.078750,33854.723,41,1
rxbvm,SWAPN_REG_REG_REG_REG_REG_REG_REG_REG,3,SWAP_REG_REG,1406,163212,3929941,24.078750,33854.723,41,1
rxbvm,SWAPN_REG_REG_REG_REG_REG_REG_REG_REG,4,SWAP_REG_REG,1406,163212,3929941,24.078750,33854.723,41,1
rxbvm,SETTPSWAP_REG_INT_REG,1,SETTP_REG_INT,2800,216807,2711717,12.507516,35021.045,41,1
rxbvm,SETTPSWAP_REG_INT_REG,2,SWAP_REG_REG,2800,163212,3929941,24.078750,67420.501,41,1
rxbvm,LOADSETTP2_REG_INT_REG_INT,1,LOAD_REG_INT,5610,669932,8188235,12.222487,68568.151,41,1
rxbvm,LOADSETTP2_REG_INT_REG_INT,2,SETTP_REG_INT,5610,216807,2711717,12.507516,70167.164,41,1
rxbvm,LOADSETTPSWAP_REG_INT_REG_INT_REG,1,LOAD_REG_INT,56274,669932,8188235,12.222487,687808.220,41,1
rxbvm,LOADSETTPSWAP_REG_INT_REG_INT_REG,2,SETTP_REG_INT,56274,216807,2711717,12.507516,703847.950,41,1
rxbvm,LOADSETTPSWAP_REG_INT_REG_INT_REG,3,SWAP_REG_REG,56274,163212,3929941,24.078750,1355007.596,41,1
rxbvm,SWAPSETTP_REG_REG_REG_INT,1,SWAP_REG_REG,2,163212,3929941,24.078750,48.158,41,1
rxbvm,SWAPSETTP_REG_REG_REG_INT,2,SETTP_REG_INT,2,216807,2711717,12.507516,25.015,41,1
rxbvm,SWAPSETTPSWAP_REG_REG_REG_INT_REG,1,SWAP_REG_REG,0,163212,3929941,24.078750,0.000,41,1
rxbvm,SWAPSETTPSWAP_REG_REG_REG_INT_REG,2,SETTP_REG_INT,0,216807,2711717,12.507516,0.000,41,1
rxbvm,SWAPSETTPSWAP_REG_REG_REG_INT_REG,3,SWAP_REG_REG,0,163212,3929941,24.078750,0.000,41,1
rxbvm,SETTPSWAPSETTP_REG_INT_REG_REG,1,SETTP_REG_INT,0,216807,2711717,12.507516,0.000,41,1
rxbvm,SETTPSWAPSETTP_REG_INT_REG_REG,2,SWAP_REG_REG,0,163212,3929941,24.078750,0.000,41,1
rxbvm,SETTPSWAPSETTP_REG_INT_REG_REG,3,SETTP_REG_INT,0,216807,2711717,12.507516,0.000,41,1
rxbvm,SETTPSWAPSETTPSWAP_REG_INT_REG_REG_REG,1,SETTP_REG_INT,1407,216807,2711717,12.507516,17598.075,41,1
rxbvm,SETTPSWAPSETTPSWAP_REG_INT_REG_REG_REG,2,SWAP_REG_REG,1407,163212,3929941,24.078750,33878.802,41,1
rxbvm,SETTPSWAPSETTPSWAP_REG_INT_REG_REG_REG,3,SETTP_REG_INT,1407,216807,2711717,12.507516,17598.075,41,1
rxbvm,SETTPSWAPSETTPSWAP_REG_INT_REG_REG_REG,4,SWAP_REG_REG,1407,163212,3929941,24.078750,33878.802,41,1
rxbvm,NULLN_REG_REG,1,NULL_REG,116308,1359145,17167432,12.631053,1469092.467,41,1
rxbvm,NULLN_REG_REG,2,NULL_REG,116308,1359145,17167432,12.631053,1469092.467,41,1
rxbvm,NULLN_REG_REG_REG,1,NULL_REG,31450,1359145,17167432,12.631053,397246.605,41,1
rxbvm,NULLN_REG_REG_REG,2,NULL_REG,31450,1359145,17167432,12.631053,397246.605,41,1
rxbvm,NULLN_REG_REG_REG,3,NULL_REG,31450,1359145,17167432,12.631053,397246.605,41,1
rxbvm,NULLN_REG_REG_REG_REG,1,NULL_REG,239426,1359145,17167432,12.631053,3024202.402,41,1
rxbvm,NULLN_REG_REG_REG_REG,2,NULL_REG,239426,1359145,17167432,12.631053,3024202.402,41,1
rxbvm,NULLN_REG_REG_REG_REG,3,NULL_REG,239426,1359145,17167432,12.631053,3024202.402,41,1
rxbvm,NULLN_REG_REG_REG_REG,4,NULL_REG,239426,1359145,17167432,12.631053,3024202.402,41,1
rxbvm,ILOADCOPY_REG_REG_INT,1,LOAD_REG_INT,0,669932,8188235,12.222487,0.000,41,1
rxbvm,ILOADCOPY_REG_REG_INT,2,ICOPY_REG_REG,0,1125713,13989657,12.427374,0.000,41,1
rxbvm,ILOADN_REG_INT_REG_INT,1,LOAD_REG_INT,0,669932,8188235,12.222487,0.000,41,1
rxbvm,ILOADN_REG_INT_REG_INT,2,LOAD_REG_INT,0,669932,8188235,12.222487,0.000,41,1
rxbvm,ILOADN_REG_REG_INT,1,LOAD_REG_INT,0,669932,8188235,12.222487,0.000,41,1
rxbvm,ILOADN_REG_REG_INT,2,LOAD_REG_INT,0,669932,8188235,12.222487,0.000,41,1
rxbvm,SWAPCALL_REG_FUNC_REG_REG_REG,1,SWAP_REG_REG,802,163212,3929941,24.078750,19311.158,41,1
rxbvm,SWAPCALL_REG_FUNC_REG_REG_REG,2,CALL_REG_FUNC_REG,802,106880,21101785,197.434366,158342.361,41,0
rxbvm,SETTPSWAPCALL_REG_FUNC_REG_REG_INT_REG,1,SETTP_REG_INT,10100,216807,2711717,12.507516,126325.911,41,1
rxbvm,SETTPSWAPCALL_REG_FUNC_REG_REG_INT_REG,2,SWAP_REG_REG,10100,163212,3929941,24.078750,243195.378,41,1
rxbvm,SETTPSWAPCALL_REG_FUNC_REG_REG_INT_REG,3,CALL_REG_FUNC_REG,10100,106880,21101785,197.434366,1994087.093,41,0
rxbvm,SETTPCALL_REG_FUNC_REG_REG_INT,1,SETTP_REG_INT,56968,216807,2711717,12.507516,712528.166,41,1
rxbvm,SETTPCALL_REG_FUNC_REG_REG_INT,2,CALL_REG_FUNC_REG,56968,106880,21101785,197.434366,11247440.942,41,0
rxbvm,UNLINKN_REG_REG,1,UNLINK_REG,44136,499186,6226562,12.473431,550527.339,41,1
rxbvm,UNLINKN_REG_REG,2,UNLINK_REG,44136,499186,6226562,12.473431,550527.339,41,1
rxbvm,ISETUNLINK_REG_REG,1,ICOPY_REG_REG,9800,1125713,13989657,12.427374,121788.270,41,1
rxbvm,ISETUNLINK_REG_REG,2,UNLINK_REG,9800,499186,6226562,12.473431,122239.621,41,1
rxbvm,IGETUNLINK_REG_REG,1,ICOPY_REG_REG,40331,1125713,13989657,12.427374,501208.440,41,1
rxbvm,IGETUNLINK_REG_REG,2,UNLINK_REG,40331,499186,6226562,12.473431,503065.935,41,1
rxbvm,ILOADSETUNLINK_REG_INT,1,LOAD_REG_INT,0,669932,8188235,12.222487,0.000,41,1
rxbvm,ILOADSETUNLINK_REG_INT,2,ICOPY_REG_REG,0,1125713,13989657,12.427374,0.000,41,1
rxbvm,ILOADSETUNLINK_REG_INT,3,UNLINK_REG,0,499186,6226562,12.473431,0.000,41,1
rxbvm,ISETUNLINKN_REG_REG_REG,1,ICOPY_REG_REG,0,1125713,13989657,12.427374,0.000,41,1
rxbvm,ISETUNLINKN_REG_REG_REG,2,UNLINK_REG,0,499186,6226562,12.473431,0.000,41,1
rxbvm,ISETUNLINKN_REG_REG_REG,3,UNLINK_REG,0,499186,6226562,12.473431,0.000,41,1
rxbvm,UNLINKBR_REG_ID,1,UNLINK_REG,18200,499186,6226562,12.473431,227016.440,41,1
rxbvm,UNLINKBR_REG_ID,2,BR_ID,18200,802262,9645580,12.022980,218818.236,41,1
rxbvm,ILOADSETUNLINKN_REG_INT_REG,1,LOAD_REG_INT,0,669932,8188235,12.222487,0.000,41,1
rxbvm,ILOADSETUNLINKN_REG_INT_REG,2,ICOPY_REG_REG,0,1125713,13989657,12.427374,0.000,41,1
rxbvm,ILOADSETUNLINKN_REG_INT_REG,3,UNLINK_REG,0,499186,6226562,12.473431,0.000,41,1
rxbvm,ILOADSETUNLINKN_REG_INT_REG,4,UNLINK_REG,0,499186,6226562,12.473431,0.000,41,1
rxbvm,SETLINKATTR1_REG_REG_INT_INT,1,SETATTRS_REG_INT,0,23625,322277,13.641354,0.000,41,1
rxbvm,SETLINKATTR1_REG_REG_INT_INT,2,LINKATTR1_REG_REG_INT,0,306613,3975790,12.966802,0.000,41,1
rxbvm,SETLINKATTR1_REG_REG_INT_REG,1,SETATTRS_REG_INT,19415,23625,322277,13.641354,264846.898,41,1
rxbvm,SETLINKATTR1_REG_REG_INT_REG,2,LINKATTR1_REG_REG_REG,19415,214780,2858596,13.309414,258402.278,41,1
rxbvm,SETLINKATTR1_REG_REG_INT_REG_INT,1,SETATTRS_REG_INT,0,23625,322277,13.641354,0.000,41,1
rxbvm,SETLINKATTR1_REG_REG_INT_REG_INT,2,IADD_REG_REG_INT,0,575485,7045243,12.242270,0.000,41,1
rxbvm,SETLINKATTR1_REG_REG_INT_REG_INT,3,LINKATTR1_REG_REG_REG,0,214780,2858596,13.309414,0.000,41,1
rxbvm,MINLINKATTR1_REG_REG_INT,1,MINATTRS_REG_INT,28002,28003,422295,15.080349,422279.920,41,1
rxbvm,MINLINKATTR1_REG_REG_INT,2,LINKATTR1_REG_REG_INT,28002,306613,3975790,12.966802,363096.384,41,1
rxbvm,MINLINKATTR1_REG_REG_REG_INT,1,MINATTRS_REG_REG_INT,195365,195365,3130447,16.023582,3130447.000,41,1
rxbvm,MINLINKATTR1_REG_REG_REG_INT,2,LINKATTR1_REG_REG_REG,195365,214780,2858596,13.309414,2600193.722,41,1
rxbvm,ITOF_REG_REG,1,ICOPY_REG_REG,1,1125713,13989657,12.427374,12.427,41,1
rxbvm,ITOF_REG_REG,2,ITOF_REG,1,401,6911,17.234414,17.234,41,1
rxbvm,STOI_REG_REG,1,STOI_REG,0,11201,389643,34.786448,0.000,41,1
rxbvm,STOI_REG_REG,2,ICOPY_REG_REG,0,1125713,13989657,12.427374,0.000,41,1
rxbvm,FDIVSUB_REG_REG_REG_FLOAT,1,FDIV_REG_REG_REG,0,1,334,334.000000,0.000,41,0
rxbvm,FDIVSUB_REG_REG_REG_FLOAT,2,FSUB_REG_REG_FLOAT,0,0,0,0.000000,0.000,41,0
rxbvm,FMULTICOPY_REG_FLOAT_REG_REG,1,FMULT_REG_REG_FLOAT,0,0,0,0.000000,0.000,41,0
rxbvm,FMULTICOPY_REG_FLOAT_REG_REG,2,ICOPY_REG_REG,0,1125713,13989657,12.427374,0.000,41,1
rxbvm,FSUBILOAD_REG_REG_FLOAT_REG_INT,1,FSUB_REG_REG_FLOAT,0,0,0,0.000000,0.000,41,0
rxbvm,FSUBILOAD_REG_REG_FLOAT_REG_INT,2,LOAD_REG_INT,0,669932,8188235,12.222487,0.000,41,1
rxbvm,ITOSCONCAT_REG_STRING_REG,1,ITOS_REG,12600,12606,777851,61.704823,777480.771,41,0
rxbvm,ITOSCONCAT_REG_STRING_REG,2,CONCAT_REG_STRING_REG,12600,14002,224606,16.040994,202116.526,41,1
rxbvm,SCONCATITOS_REG_STRING_REG,1,SCONCAT_REG_REG_STRING,5,12,12168,1014.000000,5070.000,41,0
rxbvm,SCONCATITOS_REG_STRING_REG,2,ITOS_REG,5,12606,777851,61.704823,308.524,41,0
rxbvm,ILOADGETATTRS_REG_INT_REG_REG_INT,1,LOAD_REG_INT,0,669932,8188235,12.222487,0.000,41,1
rxbvm,ILOADGETATTRS_REG_INT_REG_REG_INT,2,GETATTRS_REG_REG_INT,0,37816,502158,13.278982,0.000,41,1
rxbvm,IGETATTR1_REG_REG_INT,1,LINKATTR1_REG_REG_INT,0,306613,3975790,12.966802,0.000,41,1
rxbvm,IGETATTR1_REG_REG_INT,2,ICOPY_REG_REG,0,1125713,13989657,12.427374,0.000,41,1
rxbvm,IGETATTR1_REG_REG_INT,3,UNLINK_REG,0,499186,6226562,12.473431,0.000,41,1
rxbvm,MINIGETATTR1_REG_REG_INT,1,MINATTRS_REG_INT,0,28003,422295,15.080349,0.000,41,1
rxbvm,MINIGETATTR1_REG_REG_INT,2,LINKATTR1_REG_REG_INT,0,306613,3975790,12.966802,0.000,41,1
rxbvm,MINIGETATTR1_REG_REG_INT,3,ICOPY_REG_REG,0,1125713,13989657,12.427374,0.000,41,1
rxbvm,MINIGETATTR1_REG_REG_INT,4,UNLINK_REG,0,499186,6226562,12.473431,0.000,41,1
rxbvm,ISETATTR1_REG_INT_REG,1,LINKATTR1_REG_REG_INT,19253,306613,3975790,12.966802,249649.835,41,1
rxbvm,ISETATTR1_REG_INT_REG,2,ICOPY_REG_REG,19253,1125713,13989657,12.427374,239264.241,41,1
rxbvm,ISETATTR1_REG_INT_REG,3,UNLINK_REG,19253,499186,6226562,12.473431,240150.962,41,1
rxbvm,ISETATTR1_REG_INT_INT,1,LINKATTR1_REG_REG_INT,0,306613,3975790,12.966802,0.000,41,1
rxbvm,ISETATTR1_REG_INT_INT,2,LOAD_REG_INT,0,669932,8188235,12.222487,0.000,41,1
rxbvm,ISETATTR1_REG_INT_INT,3,ICOPY_REG_REG,0,1125713,13989657,12.427374,0.000,41,1
rxbvm,ISETATTR1_REG_INT_INT,4,UNLINK_REG,0,499186,6226562,12.473431,0.000,41,1
rxbvm,RELINKATTR1_REG_REG_INT,1,UNLINK_REG,0,499186,6226562,12.473431,0.000,41,1
rxbvm,RELINKATTR1_REG_REG_INT,2,LINKATTR1_REG_REG_INT,0,306613,3975790,12.966802,0.000,41,1
rxbvm,UNLINKRELINKATTR1_REG_REG_REG_INT,1,UNLINK_REG,0,499186,6226562,12.473431,0.000,41,1
rxbvm,UNLINKRELINKATTR1_REG_REG_REG_INT,2,UNLINK_REG,0,499186,6226562,12.473431,0.000,41,1
rxbvm,UNLINKRELINKATTR1_REG_REG_REG_INT,3,LINKATTR1_REG_REG_INT,0,306613,3975790,12.966802,0.000,41,1
rxbvm,LINKSETATTRS_REG_REG_INT_INT,1,LINKATTR1_REG_REG_INT,0,306613,3975790,12.966802,0.000,41,1
rxbvm,LINKSETATTRS_REG_REG_INT_INT,2,SETATTRS_REG_INT,0,23625,322277,13.641354,0.000,41,1
rxbvm,LINKSETATTRSADD_REG_REG_INT_INT_REG_REG_INT,1,LINKATTR1_REG_REG_INT,0,306613,3975790,12.966802,0.000,41,1
rxbvm,LINKSETATTRSADD_REG_REG_INT_INT_REG_REG_INT,2,SETATTRS_REG_INT,0,23625,322277,13.641354,0.000,41,1
rxbvm,LINKSETATTRSADD_REG_REG_INT_INT_REG_REG_INT,3,IADD_REG_REG_INT,0,575485,7045243,12.242270,0.000,41,1
rxbvm,LINKSETATTRSLINKADD_REG_REG_INT_INT_REG_REG_INT,1,LINKATTR1_REG_REG_INT,0,306613,3975790,12.966802,0.000,41,1
rxbvm,LINKSETATTRSLINKADD_REG_REG_INT_INT_REG_REG_INT,2,SETATTRS_REG_INT,0,23625,322277,13.641354,0.000,41,1
rxbvm,LINKSETATTRSLINKADD_REG_REG_INT_INT_REG_REG_INT,3,IADD_REG_REG_INT,0,575485,7045243,12.242270,0.000,41,1
rxbvm,LINKSETATTRSLINKADD_REG_REG_INT_INT_REG_REG_INT,4,LINKATTR1_REG_REG_REG,0,214780,2858596,13.309414,0.000,41,1
rxbvm,SETATTRSADD_REG_INT_REG_REG_INT,1,SETATTRS_REG_INT,0,23625,322277,13.641354,0.000,41,1
rxbvm,SETATTRSADD_REG_INT_REG_REG_INT,2,IADD_REG_REG_INT,0,575485,7045243,12.242270,0.000,41,1
rxbvm,LINKILOAD_REG_REG_REG_REG_INT,1,LINKATTR1_REG_REG_REG,0,214780,2858596,13.309414,0.000,41,1
rxbvm,LINKILOAD_REG_REG_REG_REG_INT,2,LOAD_REG_INT,0,669932,8188235,12.222487,0.000,41,1
rxbvm,SETLINKILOAD_REG_REG_INT_REG_REG_INT,1,SETATTRS_REG_INT,0,23625,322277,13.641354,0.000,41,1
rxbvm,SETLINKILOAD_REG_REG_INT_REG_REG_INT,2,LINKATTR1_REG_REG_REG,0,214780,2858596,13.309414,0.000,41,1
rxbvm,SETLINKILOAD_REG_REG_INT_REG_REG_INT,3,LOAD_REG_INT,0,669932,8188235,12.222487,0.000,41,1
rxbvm,UNLINKLINKATTR1_REG_REG_REG_INT,1,UNLINK_REG,15,499186,6226562,12.473431,187.101,41,1
rxbvm,UNLINKLINKATTR1_REG_REG_REG_INT,2,LINKATTR1_REG_REG_INT,15,306613,3975790,12.966802,194.502,41,1
rxbvm,LINKATTR1ADD_REG_REG_REG_INT,1,IADD_REG_REG_INT,0,575485,7045243,12.242270,0.000,41,1
rxbvm,LINKATTR1ADD_REG_REG_REG_INT,2,LINKATTR1_REG_REG_REG,0,214780,2858596,13.309414,0.000,41,1
rxbvm,ISETATTR1_REG_REG_INT,1,LINKATTR1_REG_REG_REG,0,214780,2858596,13.309414,0.000,41,1
rxbvm,ISETATTR1_REG_REG_INT,2,LOAD_REG_INT,0,669932,8188235,12.222487,0.000,41,1
rxbvm,ISETATTR1_REG_REG_INT,3,ICOPY_REG_REG,0,1125713,13989657,12.427374,0.000,41,1
rxbvm,ISETATTR1_REG_REG_INT,4,UNLINK_REG,0,499186,6226562,12.473431,0.000,41,1
rxbvm,STOIATTR1_REG_REG_INT,1,LINKATTR1_REG_REG_INT,0,306613,3975790,12.966802,0.000,41,1
rxbvm,STOIATTR1_REG_REG_INT,2,STOI_REG,0,11201,389643,34.786448,0.000,41,1
rxbvm,STOIATTR1_REG_REG_INT,3,ICOPY_REG_REG,0,1125713,13989657,12.427374,0.000,41,1
rxbvm,STOIATTR1_REG_REG_INT,4,UNLINK_REG,0,499186,6226562,12.473431,0.000,41,1
rxbvm,MINSTOIATTR1_REG_REG_INT,1,MINATTRS_REG_INT,1,28003,422295,15.080349,15.080,41,1
rxbvm,MINSTOIATTR1_REG_REG_INT,2,LINKATTR1_REG_REG_INT,1,306613,3975790,12.966802,12.967,41,1
rxbvm,MINSTOIATTR1_REG_REG_INT,3,STOI_REG,1,11201,389643,34.786448,34.786,41,1
rxbvm,MINSTOIATTR1_REG_REG_INT,4,ICOPY_REG_REG,1,1125713,13989657,12.427374,12.427,41,1
rxbvm,MINSTOIATTR1_REG_REG_INT,5,UNLINK_REG,1,499186,6226562,12.473431,12.473,41,1
rxbvm,ILOADSETUNLINK_REG_REG_INT,1,LOAD_REG_INT,0,669932,8188235,12.222487,0.000,41,1
rxbvm,ILOADSETUNLINK_REG_REG_INT,2,ICOPY_REG_REG,0,1125713,13989657,12.427374,0.000,41,1
rxbvm,ILOADSETUNLINK_REG_REG_INT,3,UNLINK_REG,0,499186,6226562,12.473431,0.000,41,1
rxbvm,ILOADSETUNLINKN_REG_REG_INT_REG,1,LOAD_REG_INT,15,669932,8188235,12.222487,183.337,41,1
rxbvm,ILOADSETUNLINKN_REG_REG_INT_REG,2,ICOPY_REG_REG,15,1125713,13989657,12.427374,186.411,41,1
rxbvm,ILOADSETUNLINKN_REG_REG_INT_REG,3,UNLINK_REG,15,499186,6226562,12.473431,187.101,41,1
rxbvm,ILOADSETUNLINKN_REG_REG_INT_REG,4,UNLINK_REG,15,499186,6226562,12.473431,187.101,41,1
rxbvm,LINKILOADSETUNLINK_REG_REG_REG_REG_INT,1,LINKATTR1_REG_REG_REG,0,214780,2858596,13.309414,0.000,41,1
rxbvm,LINKILOADSETUNLINK_REG_REG_REG_REG_INT,2,LOAD_REG_INT,0,669932,8188235,12.222487,0.000,41,1
rxbvm,LINKILOADSETUNLINK_REG_REG_REG_REG_INT,3,ICOPY_REG_REG,0,1125713,13989657,12.427374,0.000,41,1
rxbvm,LINKILOADSETUNLINK_REG_REG_REG_REG_INT,4,UNLINK_REG,0,499186,6226562,12.473431,0.000,41,1
