rank,count,sites,modules,symbols,status,pattern,mapping,example_module,example_start
1,11793,200,7,2,candidate,"NULL_REG(r1) | NULL_REG(r2)","r1=R28;r2=R29","benchmark_rexxcps_levelb_opt",507
2,11086,265,5,2,candidate,"ENDLIFE_REG(r1) | ENDLIFE_REG(r2)","r1=R15;r2=R14","benchmark_rexxcps_levelb_opt",240
3,8310,57,6,4,over_3_symbols,"IEQ_REG_REG_INT(r1,r2,c1) | BRF_ID_REG(c2,r1)","r1=R22;r2=R18;c1=int:0;c2=label@127","benchmark_rexxcps_levelb_opt",115
4,3402,9,1,5,over_3_symbols,"STRCHAR_REG_REG_REG(r1,r2,r3) | IEQ_REG_REG_INT(r4,r1,c1)","r1=R33;r2=R39;r3=R19;r4=R43;c1=int:44","parseExec",209
5,2809,18,6,4,over_3_symbols,"IGT_REG_REG_REG(r1,r2,r3) | BRT_ID_REG(c1,r1)","r1=R23;r2=R24;r3=R3;c1=label@358","benchmark_rexxcps_levelb_opt",305
6,2772,18,1,4,over_3_symbols,"ILT_REG_REG_INT(r1,r2,c1) | BRT_ID_REG(c2,r1)","r1=R44;r2=R19;c1=int:0;c2=label@190","parseExec",179
7,2732,18,4,4,over_3_symbols,"ILT_REG_REG_REG(r1,r2,r3) | BRF_ID_REG(c1,r1)","r1=R23;r2=R13;r3=R18;c1=label@232","benchmark_rexxcps_levelb_opt",145
8,2663,10,3,5,over_3_symbols,"BRF_ID_REG(c1,r1) | STRCHAR_REG_REG_REG(r2,r3,r4)","c1=label@920;r1=R60;r2=R50;r3=R48;r4=R56","format",898
9,2520,28,5,4,over_3_symbols,"IGT_REG_REG_INT(r1,r2,c1) | BRF_ID_REG(c2,r1)","r1=R56;r2=R46;c1=int:0;c2=label@646","benchmark_rexxcps_levelb_opt",599
10,2254,12,1,4,over_3_symbols,"ICOPY_REG_REG(r1,r2) | ICOPY_REG_REG(r3,r4)","r1=R46;r2=R19;r3=R45;r4=R35","parseExec",387
11,2218,17,3,4,over_3_symbols,"SCOPY_REG_REG(r1,r2) | ICOPY_REG_REG(r3,r4)","r1=R20;r2=R52;r3=R21;r4=R38","format",859
12,2156,14,1,4,over_3_symbols,"BRT_ID_REG(c1,r1) | IGT_REG_REG_INT(r1,r2,c2)","c1=label@233;r1=R43;r2=R33;c2=int:57","parseExec",226
13,2117,32,4,4,over_3_symbols,"MINATTRS_REG_REG_INT(r1,r2,c1) | LINKATTR1_REG_REG_REG(r3,r1,r2)","r1=R10;r2=R14;c1=int:0;r3=R17","_address",8118
14,2030,9,1,3,candidate,"IADD_REG_REG_INT(r1,r1,c1) | BR_ID(c2)","r1=R19;c1=int:1;c2=label@202","parseExec",251
15,1848,12,1,4,over_3_symbols,"IGTE_REG_REG_REG(r1,r2,r3) | BRF_ID_REG(c1,r1)","r1=R44;r2=R19;r3=R40;c1=label@274","parseExec",264
16,1770,28,3,4,over_3_symbols,"IGT_REG_REG_REG(r1,r2,r3) | BRF_ID_REG(c1,r1)","r1=R54;r2=R32;r3=R21;c1=label@787","format",769
17,1760,35,6,4,over_3_symbols,"INE_REG_REG_INT(r1,r2,c1) | BRF_ID_REG(c2,r1)","r1=R56;r2=R50;c1=int:1;c2=label@572","benchmark_rexxcps_levelb_opt",562
18,1699,63,5,3,candidate,"NULL_REG(r1) | SCOPY_REG_REG(r2,r3)","r1=R18;r2=R17;r3=R12","benchmark_rexxcps_levelb_opt",107
19,1694,31,4,3,candidate,"ICOPY_REG_REG(r1,r2) | BR_ID(c1)","r1=R52;r2=R54;c1=label@824","benchmark_rexxcps_levelb_opt",819
20,1591,26,6,3,candidate,"SCOPY_REG_REG(r1,r2) | BR_ID(c1)","r1=R23;r2=R14;c1=label@240","benchmark_rexxcps_levelb_opt",207
21,1545,14,4,3,candidate,"BRF_ID_REG(c1,r1) | BR_ID(c2)","c1=label@2492;r1=R80;c2=label@2538","benchmark_rexxcps_levelb_opt",2487
22,1428,8,1,5,over_3_symbols,"IADD_REG_REG_REG(r1,r2,r3) | IADD_REG_REG_INT(r4,r4,c1)","r1=R6;r2=R43;r3=R34;r4=R19;c1=int:1","parseExec",247
23,1428,13,1,4,over_3_symbols,"ILTE_REG_REG_INT(r1,r2,c1) | BRF_ID_REG(c2,r1)","r1=R47;r2=R45;c1=int:0;c2=label@408","parseExec",396
24,1428,8,1,4,over_3_symbols,"IMULT_REG_REG_INT(r1,r2,c1) | IADD_REG_REG_REG(r2,r1,r3)","r1=R43;r2=R6;c1=int:10;r3=R34","parseExec",243
25,1410,5,3,5,over_3_symbols,"BRT_ID_REG(c1,r1) | STRCHAR_REG_REG_REG(r2,r3,r4)","c1=label@1387;r1=R59;r2=R10;r3=R20;r4=R61","format",1288
26,1392,3,2,4,over_3_symbols,"ICOPY_REG_REG(r1,r2) | BCTP_ID_REG(c1,r3)","r1=R8;r2=R84;c1=label@2618;r3=R55","parseExec",3356
27,1308,3,2,3,candidate,"UNLINK_REG(r1) | ICOPY_REG_REG(r2,r3)","r1=R10;r2=R14;r3=R17","_address",8100
28,1294,2,1,5,over_3_symbols,"IADD_REG_REG_REG(r1,r1,r2) | LINKATTR1_REG_REG_INT(r3,r4,c1)","r1=R12;r2=R4;r3=R13;r4=R8;c1=int:7","stem",200
29,1294,2,1,2,candidate,"IMOD_REG_REG_REG(r1,r1,r2) | UNLINK_REG(r2)","r1=R12;r2=R13","stem",208
30,1294,2,1,4,over_3_symbols,"IMULT_REG_REG_INT(r1,r2,c1) | IADD_REG_REG_REG(r1,r1,r3)","r1=R12;r2=R5;c1=int:31;r3=R4","stem",196
31,1294,2,1,4,over_3_symbols,"LINKATTR1_REG_REG_INT(r1,r2,c1) | IMOD_REG_REG_REG(r3,r3,r1)","r1=R13;r2=R8;c1=int:7;r3=R12","stem",204
32,1294,2,1,6,over_3_symbols,"STRCHAR_REG_REG_REG(r1,r2,r3) | IMULT_REG_REG_INT(r4,r5,c1)","r1=R4;r2=R6;r3=R9;r4=R12;r5=R5;c1=int:31","stem",192
33,1262,4,2,4,over_3_symbols,"ICOPY_REG_REG(r1,r2) | SCOPY_REG_REG(r3,r4)","r1=R25;r2=R2;r3=R24;r4=R4","trace",6522
34,1232,8,1,4,over_3_symbols,"BRT_ID_REG(c1,r1) | IGTE_REG_REG_REG(r1,r2,r3)","c1=label@268;r1=R44;r2=R19;r3=R40","parseExec",261
35,1232,8,1,4,over_3_symbols,"ICOPY_REG_REG(r1,r2) | LOAD_REG_INT(r3,c1)","r1=R37;r2=R19;r3=R6;c1=int:0","parseExec",196
36,1232,8,1,4,over_3_symbols,"IEQ_REG_REG_REG(r1,r2,r3) | BRT_ID_REG(c1,r1)","r1=R44;r2=R19;r3=R37;c1=label@268","parseExec",257
37,1232,8,1,5,over_3_symbols,"LOAD_REG_INT(r1,c1) | ILT_REG_REG_REG(r2,r3,r4)","r1=R6;c1=int:0;r2=R44;r3=R19;r4=R40","parseExec",199
38,1164,45,9,2,candidate,"SETNUMDGTS_INT(c1) | SETNUMFUZ_INT(c2)","c1=int:18;c2=int:0","benchmark_rexxcps_levelb_opt",0
39,1164,45,9,1,candidate,"SETNUMFRM_INT(c1) | SETNUMCAS_INT(c1)","c1=int:1","benchmark_rexxcps_levelb_opt",4
40,1164,45,9,2,candidate,"SETNUMFUZ_INT(c1) | SETNUMFRM_INT(c2)","c1=int:0;c2=int:1","benchmark_rexxcps_levelb_opt",2
41,1143,42,7,1,candidate,"SETNUMCAS_INT(c1) | SETNUMSTD_INT(c1)","c1=int:1","_address",5793
42,1116,14,5,3,candidate,"ENDLIFE_REG(r1) | SCOPY_REG_REG(r2,r3)","r1=R21;r2=R9;r3=R23","benchmark_rexxcps_levelb_opt",254
43,1087,15,4,3,candidate,"UNLINK_REG(r1) | BRF_ID_REG(c1,r2)","r1=R8;c1=label@5953;r2=R7","_address",5933
44,1082,10,3,4,over_3_symbols,"ICOPY_REG_REG(r1,r2) | LOAD_REG_STRING(r3,c1)","r1=R38;r2=R41;r3=R52;c1=string@31136","format",836
45,1032,10,5,4,over_3_symbols,"IEQ_REG_REG_REG(r1,r2,r3) | BRF_ID_REG(c1,r1)","r1=R42;r2=R53;r3=R44;c1=label@947","benchmark_rexxcps_levelb_opt",932
46,988,23,4,4,over_3_symbols,"SETSTRPOS_REG_REG(r1,r2) | SUBSTRING_REG_REG_REG(r3,r1,r4)","r1=R17;r2=R21;r3=R14;r4=R20","benchmark_rexxcps_levelb_opt",200
47,986,9,2,3,candidate,"ENDLIFE_REG(r1) | ICOPY_REG_REG(r2,r3)","r1=R19;r2=R2;r3=R28","_address",14088
48,985,8,4,5,over_3_symbols,"STRCHAR_REG_REG_REG(r1,r2,r3) | INE_REG_REG_INT(r4,r1,c1)","r1=R50;r2=R48;r3=R56;r4=R61;c1=int:57","format",901
49,980,3,1,4,over_3_symbols,"ILTE_REG_REG_REG(r1,r2,r3) | BRF_ID_REG(c1,r1)","r1=R89;r2=R97;r3=R93;c1=label@4460","parseExec",3964
50,934,14,3,4,over_3_symbols,"SUBSTRING_REG_REG_REG(r1,r2,r3) | SCOPY_REG_REG(r4,r1)","r1=R14;r2=R17;r3=R20;r4=R23","benchmark_rexxcps_levelb_opt",203
51,929,8,2,4,over_3_symbols,"IGTE_REG_REG_INT(r1,r2,c1) | BRF_ID_REG(c2,r1)","r1=R48;r2=R11;c1=int:0;c2=label@380","format",326
52,927,64,8,4,over_3_symbols,"LOAD_REG_STRING(r1,c1) | LOAD_REG_INT(r2,c2)","r1=R22;c1=string@21200;r2=R21;c2=int:1","benchmark_rexxcps_levelb_opt",312
53,910,2,1,5,over_3_symbols,"BRF_ID_REG(c1,r1) | ISUB_REG_REG_INT(r2,r3,c2)","c1=label@4655;r1=R110;r2=R114;r3=R116;c2=int:1","parseExec",4629
54,910,2,1,5,over_3_symbols,"ISUB_REG_REG_INT(r1,r2,c1) | STRCHAR_REG_REG_REG(r3,r4,r1)","r1=R114;r2=R116;c1=int:1;r3=R115;r4=R119","parseExec",4632
55,879,23,3,2,candidate,"UNLINK_REG(r1) | UNLINK_REG(r2)","r1=R7;r2=R6","_address",5853
56,868,7,1,5,over_3_symbols,"LOAD_REG_STRING(r1,c1) | ILTE_REG_REG_INT(r2,r3,c2)","r1=R44;c1=string@31136;r2=R47;r3=R45;c2=int:0","parseExec",393
57,868,80,4,3,candidate,"SETTP_REG_INT(r1,c1) | SWAP_REG_REG(r2,r1)","r1=R0;c1=int:256;r2=R42","benchmark_rexxcps_levelb_opt",692
58,840,90,4,4,over_3_symbols,"LOAD_REG_INT(r1,c1) | SETTP_REG_INT(r2,c2)","r1=R21;c1=int:1;r2=R22;c2=int:768","benchmark_rexxcps_levelb_opt",315
59,816,7,4,3,candidate,"SCOPY_REG_REG(r1,r2) | STRLEN_REG_REG(r3,r1)","r1=R17;r2=R12;r3=R18","benchmark_rexxcps_levelb_opt",109
60,812,4,1,6,over_3_symbols,"ISUB_REG_REG_INT(r1,r2,c1) | IGT_REG_REG_REG(r3,r4,r5)","r1=R34;r2=R33;c1=int:48;r3=R43;r4=R35;r5=R40","parseExec",321
61,812,4,1,4,over_3_symbols,"STRLEN_REG_REG(r1,r2) | IEQ_REG_REG_REG(r3,r4,r1)","r1=R40;r2=R39;r3=R43;r4=R19","parseExec",161
62,788,4,2,4,over_3_symbols,"IEQ_REG_REG_INT(r1,r2,c1) | BRT_ID_REG(c2,r1)","r1=R20;r2=R9;c1=int:76;c2=label@211","strip",200
63,718,7,2,3,candidate,"IGT_REG_REG_REG(r1,r2,r1) | BRF_ID_REG(c1,r1)","r1=R61;r2=R21;c1=label@1099","format",1088
64,714,2,1,4,over_3_symbols,"BRF_ID_REG(c1,r1) | IADD_REG_REG_INT(r2,r2,c2)","c1=label@5509;r1=R5;r2=R12;c2=int:1","parseExec",2166
65,710,6,3,5,over_3_symbols,"BRT_ID_REG(c1,r1) | MINATTRS_REG_REG_INT(r2,r3,c2)","c1=label@14076;r1=R26;r2=R42;r3=R29;c2=int:0","_address",14048
66,700,41,4,2,candidate,"SCOPY_REG_REG(r1,r2) | UNLINK_REG(r1)","r1=R7;r2=R6","_address",5850
67,688,37,5,4,over_3_symbols,"REQ_REG_REG_STRING(r1,r2,c1) | BRF_ID_REG(c2,r1)","r1=R18;r2=R25;c1=string@26848;c2=label@439","benchmark_rexxcps_levelb_opt",429
68,656,8,4,3,candidate,"LOAD_REG_INT(r1,c1) | ICOPY_REG_REG(r2,r1)","r1=R22;c1=int:0;r2=R21","_address",15806
69,645,5,2,3,candidate,"BRF_ID_REG(c1,r1) | NULL_REG(r2)","c1=label@1006;r1=R51;r2=R50","format",869
70,644,7,3,4,over_3_symbols,"RNE_REG_REG_STRING(r1,r2,c1) | BRF_ID_REG(c2,r1)","r1=R58;r2=R27;c1=string@29424;c2=label@1426","benchmark_rexxcps_levelb_opt",1356
71,618,5,2,4,over_3_symbols,"ISUB_REG_REG_REG(r1,r2,r3) | IGT_REG_REG_REG(r1,r4,r1)","r1=R61;r2=R7;r3=R40;r4=R32","format",1230
72,616,4,1,4,over_3_symbols,"BRT_ID_REG(c1,r1) | IGT_REG_REG_REG(r1,r2,r3)","c1=label@190;r1=R44;r2=R19;r3=R40","parseExec",183
73,616,4,1,3,candidate,"IADD_REG_REG_INT(r1,r1,c1) | ICOPY_REG_REG(r2,r1)","r1=R19;c1=int:1;r2=R37","parseExec",274
74,616,1,1,5,over_3_symbols,"IADD_REG_REG_INT(r1,r1,c1) | IEQ_REG_REG_INT(r2,r3,c2)","r1=R12;c1=int:1;r2=R56;r3=R128;c2=int:9","parseExec",2169
75,616,4,1,4,over_3_symbols,"IADD_REG_REG_INT(r1,r1,c1) | ILT_REG_REG_INT(r2,r3,c1)","r1=R19;c1=int:1;r2=R47;r3=R6","parseExec",459
76,616,4,1,4,over_3_symbols,"IADD_REG_REG_INT(r1,r1,c1) | ISUB_REG_REG_REG(r2,r3,r1)","r1=R19;c1=int:1;r2=R44;r3=R40","parseExec",366
77,616,4,1,4,over_3_symbols,"IADD_REG_REG_REG(r1,r1,r2) | IGTE_REG_REG_REG(r3,r1,r4)","r1=R19;r2=R35;r3=R47;r4=R40","parseExec",431
78,616,4,1,6,over_3_symbols,"ISUB_REG_REG_INT(r1,r2,c1) | IMULT_REG_REG_INT(r3,r4,c2)","r1=R34;r2=R33;c1=int:48;r3=R43;r4=R6;c2=int:10","parseExec",239
79,616,1,1,4,over_3_symbols,"SCOPY_REG_REG(r1,r2) | BRF_ID_REG(c1,r3)","r1=R17;r2=R2;c1=label@5504;r3=R5","parseExec",4844
80,616,4,1,4,over_3_symbols,"SCOPY_REG_REG(r1,r2) | IADD_REG_REG_REG(r3,r3,r4)","r1=R7;r2=R47;r3=R19;r4=R35","parseExec",428
81,616,4,1,5,over_3_symbols,"STRLEN_REG_REG(r1,r2) | IEQ_REG_REG_INT(r3,r4,c1)","r1=R38;r2=R7;r3=R47;r4=R6;c1=int:1","parseExec",480
82,612,5,2,5,over_3_symbols,"LINKATTR1_REG_REG_REG(r1,r2,r3) | REQ_REG_REG_REG(r4,r1,r5)","r1=R18;r2=R42;r3=R29;r4=R17;r5=R19","_address",14055
83,612,5,2,3,candidate,"REQ_REG_REG_REG(r1,r2,r3) | UNLINK_REG(r2)","r1=R17;r2=R18;r3=R19","_address",14059
84,607,65,3,4,over_3_symbols,"SWAP_REG_REG(r1,r2) | SETTP_REG_INT(r3,c1)","r1=R42;r2=R0;r3=R43;c1=int:768","benchmark_rexxcps_levelb_opt",695
85,578,3,2,4,over_3_symbols,"BRT_ID_REG(c1,r1) | IEQ_REG_REG_INT(r1,r2,c2)","c1=label@211;r1=R20;r2=R9;c2=int:66","strip",204
86,565,74,3,5,over_3_symbols,"SETTP_REG_INT(r1,c1) | CALL_REG_FUNC_REG(r2,c2,r3)","r1=R22;c1=int:768;r2=R20;c2=func@21328;r3=R21","benchmark_rexxcps_levelb_opt",318
87,564,16,6,4,over_3_symbols,"BRF_ID_REG(c1,r1) | LOAD_REG_INT(r2,c2)","c1=label@9105;r1=R23;r2=R21;c2=int:1","_address",9071
88,550,21,4,3,candidate,"LOAD_REG_INT(r1,c1) | LOAD_REG_INT(r2,c1)","r1=R4;c1=int:100;r2=R3","benchmark_rexxcps_levelb_opt",12
89,544,20,6,4,over_3_symbols,"LOAD_REG_INT(r1,c1) | LOAD_REG_STRING(r2,c2)","r1=R20;c1=int:0;r2=R14;c2=string@520","benchmark_rexxcps_levelb_opt",139
90,533,35,7,4,over_3_symbols,"ILT_REG_REG_INT(r1,r2,c1) | BRF_ID_REG(c2,r1)","r1=R15;r2=R3;c1=int:1;c2=label@100","benchmark_rexxcps_levelb_opt",81
91,477,7,2,5,over_3_symbols,"LINKATTR1_REG_REG_INT(r1,r2,c1) | MINATTRS_REG_REG_INT(r1,r3,c2)","r1=R10;r2=R16;c1=int:3;r3=R14;c2=int:0","_address",8114
92,448,26,3,2,candidate,"SCOPY_REG_REG(r1,r2) | UNLINK_REG(r2)","r1=R37;r2=R68","benchmark_rexxcps_levelb_opt",1608
93,446,29,3,4,over_3_symbols,"SCOPY_REG_REG(r1,r2) | LOAD_REG_INT(r3,c1)","r1=R2;r2=R15;r3=R4;c1=int:3","_address",5799
94,436,12,5,2,candidate,"ICOPY_REG_REG(r1,r2) | UNLINK_REG(r2)","r1=R4;r2=R15","benchmark_rexxcps_levelb_opt",35
95,429,9,7,4,over_3_symbols,"SETNUMSTD_INT(c1) | BRTPANDT_ID_REG_INT(c2,r1,c3)","c1=int:1;c2=label@8980;r1=R89;c3=int:256","_address",8968
96,424,4,3,3,candidate,"LOAD_REG_STRING(r1,c1) | SETTP_REG_INT(r1,c2)","r1=R9;c1=string@31136;c2=int:0","_address",15349
97,423,6,1,5,over_3_symbols,"BRF_ID_REG(c1,r1) | LINKATTR1_REG_REG_INT(r2,r3,c2)","c1=label@344;r1=R13;r2=R11;r3=R20;c2=int:5","stem",248
98,420,4,1,4,over_3_symbols,"BRF_ID_REG(c1,r1) | IEQ_REG_REG_INT(r1,r2,c2)","c1=label@601;r1=R56;r2=R45;c2=int:48","parseExec",594
99,406,5,1,4,over_3_symbols,"IADD_REG_REG_INT(r1,r1,c1) | MINATTRS_REG_REG_INT(r2,r1,c2)","r1=R21;c1=int:1;r2=R22;c2=int:0","parseExec",3382
100,406,4,1,3,candidate,"LOAD_REG_INT(r1,c1) | BR_ID(c2)","r1=R55;c1=int:1;c2=label@737","parseExec",649
101,402,5,2,3,candidate,"SETTP_REG_INT(r1,c1) | BR_ID(c2)","r1=R7;c1=int:0;c2=label@24","format",13
102,396,2,1,5,over_3_symbols,"BRTPANDT_ID_REG_INT(c1,r1,c2) | LOAD_REG_STRING(r2,c3)","c1=label@34;r1=R25;c2=int:256;r2=R8;c3=string@1516864","strip",22
103,391,9,4,3,candidate,"NOT_REG_REG(r1,r2) | BRF_ID_REG(c1,r1)","r1=R46;r2=R8;c1=label@222","format",213
104,383,6,3,4,over_3_symbols,"LINKATTR1_REG_REG_REG(r1,r2,r3) | SCOPY_REG_REG(r1,r4)","r1=R17;r2=R10;r3=R14;r4=R15","_address",8122
105,367,34,3,3,candidate,"SETTP_REG_INT(r1,c1) | SETTP_REG_INT(r2,c1)","r1=R43;c1=int:768;r2=R58","benchmark_rexxcps_levelb_opt",698
106,364,2,1,4,over_3_symbols,"ICOPY_REG_REG(r1,r2) | ILTE_REG_REG_REG(r3,r1,r4)","r1=R116;r2=R113;r3=R110;r4=R118","parseExec",4622
107,358,36,4,2,candidate,"ICOPY_REG_REG(r1,r2) | UNLINK_REG(r1)","r1=R7;r2=R8","_address",8003
108,350,4,3,3,candidate,"ENDLIFE_REG(r1) | LOAD_REG_INT(r2,c1)","r1=R55;r2=R41;c1=int:3","benchmark_rexxcps_levelb_opt",687
109,350,25,2,4,over_3_symbols,"LINKATTR1_REG_REG_INT(r1,r2,c1) | SCOPY_REG_REG(r3,r1)","r1=R68;r2=R69;c1=int:1;r3=R37","benchmark_rexxcps_levelb_opt",1604
110,340,8,5,4,over_3_symbols,"STRLEN_REG_REG(r1,r2) | LOAD_REG_INT(r3,c1)","r1=R55;r2=R54;r3=R53;c1=int:5","benchmark_rexxcps_levelb_opt",572
111,329,13,3,3,candidate,"UNLINK_REG(r1) | COPY_REG_REG(r2,r3)","r1=R10;r2=R3;r3=R6","_address",8042
112,328,26,4,4,over_3_symbols,"LOAD_REG_INT(r1,c1) | CALL_REG_FUNC_REG(r2,c2,r1)","r1=R24;c1=int:0;r2=R0;c2=func@17056","benchmark_rexxcps_levelb_opt",273
113,326,4,3,4,over_3_symbols,"LOAD_REG_INT(r1,c1) | IGT_REG_REG_REG(r2,r1,r3)","r1=R24;c1=int:1;r2=R23;r3=R3","benchmark_rexxcps_levelb_opt",302
114,310,2,2,4,over_3_symbols,"LOAD_REG_INT(r1,c1) | SCOPY_REG_REG(r2,r3)","r1=R24;c1=int:1;r2=R21;r3=R12","trace",16782
115,308,3,1,4,over_3_symbols,"BRF_ID_REG(c1,r1) | ILTE_REG_REG_INT(r1,r2,c2)","c1=label@511;r1=R47;r2=R6;c2=int:5","parseExec",504
116,308,1,1,5,over_3_symbols,"BRF_ID_REG(c1,r1) | RNE_REG_REG_STRING(r2,r3,c2)","c1=label@3375;r1=R56;r2=R55;r3=R18;c2=string@31136","parseExec",2222
117,308,4,1,4,over_3_symbols,"GETATTRS_REG_REG_INT(r1,r2,c1) | IADD_REG_REG_INT(r1,r1,c2)","r1=R110;r2=R24;c1=int:0;c2=int:1","parseExec",4544
118,308,5,3,5,over_3_symbols,"ISUB_REG_REG_INT(r1,r2,c1) | IGT_REG_REG_REG(r3,r4,r1)","r1=R60;r2=R21;c1=int:1;r3=R59;r4=R61","format",1280
119,308,5,3,5,over_3_symbols,"LOAD_REG_INT(r1,c1) | ISUB_REG_REG_INT(r2,r3,c2)","r1=R61;c1=int:0;r2=R60;r3=R21;c2=int:1","format",1277
120,296,2,2,4,over_3_symbols,"BRTPANDT_ID_REG_INT(c1,r1,c2) | SCOPY_REG_REG(r2,r1)","c1=label@19;r1=R24;c2=int:512;r2=R15","strip",10
121,292,3,2,4,over_3_symbols,"LINKATTR1_REG_REG_REG(r1,r2,r3) | ICOPY_REG_REG(r4,r1)","r1=R82;r2=R22;r3=R55;r4=R38","parseExec",3097
122,282,22,1,3,candidate,"MINATTRS_REG_INT(r1,c1) | LINKATTR1_REG_REG_INT(r2,r1,c1)","r1=R111;c1=int:1;r2=R15","benchmark_rexxcps_levelb_opt",26
123,280,13,3,4,over_3_symbols,"SWAP_REG_REG(r1,r2) | SWAP_REG_REG(r3,r4)","r1=R0;r2=R42;r3=R58;r4=R44","benchmark_rexxcps_levelb_opt",711
124,270,18,3,4,over_3_symbols,"LOAD_REG_STRING(r1,c1) | STRLEN_REG_REG(r2,r3)","r1=R52;c1=string@520;r2=R50;r3=R47","benchmark_rexxcps_levelb_opt",556
125,266,16,3,2,candidate,"ASSERTINITIALIZED_REG(r1) | SETNUMDGTS_INT(c1)","r1=R16;c1=int:18","_address",5859
126,263,18,4,2,candidate,"SETNUMSTD_INT(c1) | NULL_REG(r1)","c1=int:2;r1=R8","benchmark_rexxcps_levelb_opt",8
127,252,3,1,5,over_3_symbols,"ISUB_REG_REG_INT(r1,r2,c1) | ICOPY_REG_REG(r3,r4)","r1=R105;r2=R109;c1=int:1;r3=R106;r4=R110","parseExec",4488
128,252,3,1,5,over_3_symbols,"SCOPY_REG_REG(r1,r2) | ISUB_REG_REG_INT(r3,r4,c1)","r1=R107;r2=R111;r3=R105;r4=R109;c1=int:1","parseExec",4485
129,245,34,3,4,over_3_symbols,"LINKATTR1_REG_REG_INT(r1,r2,c1) | ICOPY_REG_REG(r1,r3)","r1=R7;r2=R6;c1=int:4;r3=R8","_address",7999
130,238,10,3,2,candidate,"UNLINK_REG(r1) | BR_ID(c1)","r1=R75;c1=label@1924","benchmark_rexxcps_levelb_opt",2021
131,236,20,2,3,candidate,"LOAD_REG_STRING(r1,c1) | STRUPPER_REG_REG(r1,r2)","r1=R8;c1=string@31136;r2=R3","_address",5824
132,235,14,5,5,over_3_symbols,"SWAP_REG_REG(r1,r2) | CALL_REG_FUNC_REG(r3,c1,r4)","r1=R44;r2=R58;r3=R56;c1=func@44056;r4=R41","benchmark_rexxcps_levelb_opt",704
133,228,4,3,5,over_3_symbols,"BRF_ID_REG(c1,r1) | IEQ_REG_REG_INT(r2,r3,c2)","c1=label@646;r1=R56;r2=R57;r3=R53;c2=int:0","benchmark_rexxcps_levelb_opt",603
134,228,3,3,3,candidate,"STRLEN_REG_REG(r1,r2) | ICOPY_REG_REG(r3,r1)","r1=R54;r2=R53;r3=R52","benchmark_rexxcps_levelb_opt",816
135,227,3,2,4,over_3_symbols,"STRLEN_REG_REG(r1,r2) | IEQ_REG_REG_INT(r3,r1,c1)","r1=R18;r2=R17;r3=R22;c1=int:0","benchmark_rexxcps_levelb_opt",112
136,224,2,2,4,over_3_symbols,"LOAD_REG_INT(r1,c1) | ICOPY_REG_REG(r2,r3)","r1=R21;c1=int:1;r2=R16;r3=R88","_address",9232
137,222,4,2,3,candidate,"NULL_REG(r1) | COPY_REG_REG(r2,r3)","r1=R14;r2=R16;r3=R3","_address",8083
138,220,25,4,3,candidate,"UNLINK_REG(r1) | LOAD_REG_INT(r2,c1)","r1=R68;r2=R64;c1=int:0","benchmark_rexxcps_levelb_opt",1623
139,215,36,3,4,over_3_symbols,"SWAP_REG_REG(r1,r2) | LOAD_REG_STRING(r3,c1)","r1=R2;r2=R5;r3=R8;c1=string@31136","_address",5821
140,214,3,3,4,over_3_symbols,"BRF_ID_REG(c1,r1) | IEQ_REG_REG_REG(r1,r2,r3)","c1=label@936;r1=R42;r2=R53;r3=R44","benchmark_rexxcps_levelb_opt",929
141,213,2,2,3,candidate,"BRF_ID_REG(c1,r1) | RET_REG(r2)","c1=label@16155;r1=R10;r2=R43","trace",16150
142,213,3,2,5,over_3_symbols,"FNDNBLNK_REG_REG_REG(r1,r2,r3) | ILT_REG_REG_INT(r4,r1,c1)","r1=R21;r2=R17;r3=R13;r4=R22;c1=int:0","benchmark_rexxcps_levelb_opt",152
143,212,2,2,4,over_3_symbols,"IADD_REG_REG_INT(r1,r2,c1) | BR_ID(c2)","r1=R4;r2=R6;c1=int:1;c2=label@348","strip",258
144,209,13,2,3,candidate,"COPY_REG_REG(r1,r2) | COPY_REG_REG(r3,r1)","r1=R3;r2=R6;r3=R11","_address",8044
145,209,3,1,4,over_3_symbols,"LINKATTR1_REG_REG_INT(r1,r2,c1) | SETATTRS_REG_INT(r1,c2)","r1=R12;r2=R20;c1=int:1;c2=int:256","stem",226
146,209,3,1,4,over_3_symbols,"SETATTRS_REG_INT(r1,c1) | LINKATTR1_REG_REG_REG(r2,r1,r3)","r1=R12;c1=int:256;r2=R13;r3=R0","stem",230
147,203,3,2,4,over_3_symbols,"UNLINK_REG(r1) | MINATTRS_REG_REG_INT(r2,r3,c1)","r1=R32;r2=R35;r3=R2;c1=int:0","_address",15960
148,200,2,2,4,over_3_symbols,"NULL_REG(r1) | GETANDTP_REG_REG_INT(r2,r3,c1)","r1=R41;r2=R8;r3=R7;c1=int:256","format",110
149,198,1,1,4,over_3_symbols,"BRF_ID_REG(c1,r1) | INE_REG_REG_INT(r1,r2,c2)","c1=label@142;r1=R18;r2=R9;c2=int:84","strip",135
150,198,1,1,5,over_3_symbols,"BRF_ID_REG(c1,r1) | INE_REG_REG_INT(r2,r3,c2)","c1=label@153;r1=R18;r2=R19;r3=R9;c2=int:66","strip",142
151,198,1,1,5,over_3_symbols,"GETANDTP_REG_REG_INT(r1,r2,c1) | LOAD_REG_STRING(r3,c2)","r1=R2;r2=R0;c1=int:256;r3=R7;c2=string@31136","strip",98
152,198,1,1,4,over_3_symbols,"ICOPY_REG_REG(r1,r2) | BNE_ID_REG_INT(c1,r2,c2)","r1=R4;r2=R16;c1=label@194;c2=int:0","strip",185
153,198,2,2,3,candidate,"ICOPY_REG_REG(r1,r2) | ICOPY_REG_REG(r3,r1)","r1=R6;r2=R34;r3=R32","format",507
154,198,1,1,5,over_3_symbols,"INE_REG_REG_INT(r1,r2,c1) | BRTF_ID_ID_REG(c2,c3,r1)","r1=R19;r2=R9;c1=int:66;c2=label@159;c3=label@162","strip",145
155,198,1,1,4,over_3_symbols,"STRUPPER_REG_REG(r1,r2) | STRCHAR_REG_REG_REG(r3,r1,r4)","r1=R7;r2=R8;r3=R9;r4=R14","strip",124
156,197,4,2,4,over_3_symbols,"LOAD_REG_INT(r1,c1) | STRLEN_REG_REG(r2,r3)","r1=R33;c1=int:46;r2=R28;r3=R29","format",301
157,196,2,1,4,over_3_symbols,"BRF_ID_REG(c1,r1) | RNE_REG_REG_STRING(r1,r2,c2)","c1=label@2077;r1=R49;r2=R2;c2=string@2252160","parseExec",2070
158,196,1,1,5,over_3_symbols,"BRT_ID_REG(c1,r1) | IEQ_REG_REG_INT(r2,r3,c2)","c1=label@3843;r1=R91;r2=R90;r3=R6;c2=int:5","parseExec",3832
159,196,1,1,3,candidate,"COPY_REG_REG(r1,r2) | ICOPY_REG_REG(r3,r1)","r1=R10;r2=R112;r3=R8","parseExec",4817
160,196,2,1,3,candidate,"ICOPY_REG_REG(r1,r2) | NULL_REG(r3)","r1=R5;r2=R55;r3=R56","parseExec",801
161,196,1,1,5,over_3_symbols,"IEQ_REG_REG_INT(r1,r2,c1) | BRTF_ID_ID_REG(c2,c3,r1)","r1=R90;r2=R6;c1=int:5;c2=label@3849;c3=label@4603","parseExec",3835
162,196,2,1,3,candidate,"IEQ_REG_REG_INT(r1,r2,c1) | UNLINK_REG(r2)","r1=R51;r2=R52;c1=int:8","parseExec",2633
163,196,2,1,5,over_3_symbols,"LINKATTR1_REG_REG_REG(r1,r2,r3) | IEQ_REG_REG_INT(r4,r1,c1)","r1=R52;r2=R22;r3=R55;r4=R51;c1=int:8","parseExec",2629
164,194,2,1,4,over_3_symbols,"COPY_REG_REG(r1,r2) | SCOPY_REG_REG(r3,r4)","r1=R8;r2=R20;r3=R6;r4=R21","stem",166
165,194,2,1,4,over_3_symbols,"ENDLIFE_REG(r1) | IADD_REG_REG_INT(r2,r3,c1)","r1=R9;r2=R0;r3=R5;c1=int:1","stem",220
166,194,2,1,5,over_3_symbols,"IADD_REG_REG_INT(r1,r2,c1) | LINKATTR1_REG_REG_INT(r3,r4,c1)","r1=R0;r2=R5;c1=int:1;r3=R12;r4=R20","stem",222
167,185,29,3,5,over_3_symbols,"LOAD_REG_INT(r1,c1) | LINKATTR1_REG_REG_INT(r2,r3,c2)","r1=R8;c1=int:0;r2=R7;r3=R6;c2=int:4","_address",7996
168,184,1,1,5,over_3_symbols,"BRF_ID_REG(c1,r1) | ISUB_REG_INT_REG(r2,c2,r3)","c1=label@348;r1=R21;r2=R12;c2=int:0;r3=R16","strip",238
169,184,1,1,5,over_3_symbols,"FNDNBLNK_REG_REG_REG(r1,r2,r3) | BGE_ID_REG_INT(c1,r1,c2)","r1=R14;r2=R15;r3=R12;c1=label@227;c2=int:0","strip",217
170,184,1,1,5,over_3_symbols,"ISUB_REG_INT_REG(r1,c1,r2) | FNDNBLNK_REG_REG_REG(r3,r4,r1)","r1=R12;c1=int:0;r2=R16;r3=R6;r4=R15","strip",241
171,184,12,5,3,candidate,"LOAD_REG_INT(r1,c1) | BRF_ID_REG(c2,r1)","r1=R58;c1=int:0;c2=label@639","benchmark_rexxcps_levelb_opt",628
172,184,1,1,4,over_3_symbols,"LOAD_REG_INT(r1,c1) | FNDNBLNK_REG_REG_REG(r2,r3,r1)","r1=R12;c1=int:0;r2=R14;r3=R15","strip",214
173,182,2,1,4,over_3_symbols,"ICOPY_REG_REG(r1,r2) | ISUB_REG_REG_REG(r3,r4,r2)","r1=R109;r2=R93;r3=R110;r4=R97","parseExec",4463
174,182,2,1,5,over_3_symbols,"ISUB_REG_REG_REG(r1,r2,r3) | ILTE_REG_REG_INT(r4,r1,c1)","r1=R110;r2=R97;r3=R93;r4=R108;c1=int:0","parseExec",4466
175,182,13,1,3,candidate,"UNLINK_REG(r1) | MINATTRS_REG_INT(r2,c1)","r1=R68;r2=R69;c1=int:2","benchmark_rexxcps_levelb_opt",1611
176,180,19,1,2,candidate,"STRUPPER_REG_REG(r1,r2) | COPY_REG_REG(r2,r1)","r1=R8;r2=R3","_address",5827
177,180,14,3,4,over_3_symbols,"UNLINK_REG(r1) | LINKATTR1_REG_REG_INT(r2,r3,c1)","r1=R7;r2=R6;r3=R1;c1=int:2","_address",5840
178,178,3,1,6,over_3_symbols,"LINKATTR1_REG_REG_REG(r1,r2,r3) | LINKATTR1_REG_REG_INT(r4,r5,c1)","r1=R9;r2=R14;r3=R1;r4=R15;r5=R20;c1=int:3","stem",282
179,173,30,3,4,over_3_symbols,"LINKATTR1_REG_REG_INT(r1,r2,c1) | SCOPY_REG_REG(r1,r3)","r1=R7;r2=R1;c1=int:1;r3=R6","_address",5846
180,168,1,1,5,over_3_symbols,"SCOPY_REG_REG(r1,r2) | BGT_ID_REG_REG(c1,r3,r4)","r1=R120;r2=R106;c1=label@4796;r3=R112;r4=R118","parseExec",4785
181,163,2,1,5,over_3_symbols,"LINKATTR1_REG_REG_REG(r1,r2,r3) | SEQ_REG_REG_REG(r4,r1,r5)","r1=R12;r2=R11;r3=R1;r4=R10;r5=R21","stem",259
182,163,2,1,3,candidate,"SEQ_REG_REG_REG(r1,r2,r3) | UNLINK_REG(r2)","r1=R10;r2=R12;r3=R21","stem",263
183,160,16,2,4,over_3_symbols,"SETTP_REG_INT(r1,c1) | SETTP_REG_INT(r2,c2)","r1=R60;c1=int:512;r2=R61;c2=int:768","benchmark_rexxcps_levelb_opt",1283
184,158,7,1,3,candidate,"SCOPY_REG_REG(r1,r2) | NULL_REG(r3)","r1=R20;r2=R3;r3=R25","_address",13995
185,157,13,2,4,over_3_symbols,"LOAD_REG_STRING(r1,c1) | LOAD_REG_STRING(r2,c2)","r1=R27;c1=string@29424;r2=R26;c2=string@424","benchmark_rexxcps_levelb_opt",488
186,153,5,2,4,over_3_symbols,"SWAP_REG_REG(r1,r2) | SCOPY_REG_REG(r3,r4)","r1=R0;r2=R53;r3=R54;r4=R51","benchmark_rexxcps_levelb_opt",791
187,145,19,3,3,candidate,"UNLINK_REG(r1) | LINKATTR1_REG_REG_INT(r1,r2,c1)","r1=R8;r2=R16;c1=int:1","_address",5914
188,143,17,4,3,candidate,"UNLINK_REG(r1) | LOAD_REG_STRING(r2,c1)","r1=R80;r2=R36;c1=string@92376","benchmark_rexxcps_levelb_opt",2109
189,142,7,3,4,over_3_symbols,"LINKATTR1_REG_REG_INT(r1,r2,c1) | ICOPY_REG_REG(r3,r1)","r1=R49;r2=R51;c1=int:5;r3=R43","_address",9495
190,140,1,1,4,over_3_symbols,"BGT_ID_REG_REG(c1,r1,r2) | IADD_REG_REG_INT(r1,r1,c2)","c1=label@4796;r1=R112;r2=R118;c2=int:1","parseExec",4788
191,140,1,1,5,over_3_symbols,"IADD_REG_REG_INT(r1,r1,c1) | GETATTRS_REG_REG_INT(r2,r3,c2)","r1=R112;c1=int:1;r2=R109;r3=R24;c2=int:0","parseExec",4792
192,140,4,2,4,over_3_symbols,"ICOPY_REG_REG(r1,r2) | IEQ_REG_REG_INT(r3,r1,c1)","r1=R2;r2=R28;r3=R29;c1=int:0","_address",14090
193,140,2,1,4,over_3_symbols,"UNLINK_REG(r1) | IGT_REG_REG_INT(r2,r3,c1)","r1=R12;r2=R13;r3=R1;c1=int:0","stem",242
194,129,4,3,5,over_3_symbols,"BRF_ID_REG(c1,r1) | ILT_REG_REG_INT(r2,r3,c2)","c1=label@212;r1=R24;r2=R22;r3=R19;c2=int:0","benchmark_rexxcps_levelb_opt",183
195,126,3,1,5,over_3_symbols,"BRF_ID_REG(c1,r1) | IADD_REG_REG_INT(r2,r3,c2)","c1=label@617;r1=R56;r2=R44;r3=R53;c2=int:1","parseExec",610
196,126,6,1,3,candidate,"ITOS_REG(r1) | CONCAT_REG_STRING_REG(r2,c1,r1)","r1=R13;r2=R43;c1=string@33856","benchmark_rexxcps_levelb_opt",527
197,121,8,2,4,over_3_symbols,"COPY_REG_REG(r1,r2) | LOAD_REG_INT(r3,c1)","r1=R11;r2=R3;r3=R7;c1=int:-3","_address",8047
198,119,19,4,4,over_3_symbols,"LOAD_REG_INT(r1,c1) | LOAD_REG_INT(r2,c2)","r1=R24;c1=int:1;r2=R23;c2=int:2","benchmark_rexxcps_levelb_opt",366
199,118,1,1,3,candidate,"SETNUMSTD_INT(c1) | BNE_ID_REG_INT(c2,r1,c1)","c1=int:1;c2=label@16941;r1=R11","_address",16934
200,117,1,1,3,candidate,"BNE_ID_REG_INT(c1,r1,c2) | RET()","c1=label@16941;r1=R11;c2=int:1","_address",16936
201,117,17,3,5,over_3_symbols,"LOAD_REG_STRING(r1,c1) | LINKATTR1_REG_REG_INT(r2,r3,c2)","r1=R9;c1=string@31136;r2=R7;r3=R6;c2=int:1","_address",8008
202,117,23,3,4,over_3_symbols,"SCOPY_REG_REG(r1,r2) | LOAD_REG_STRING(r3,c1)","r1=R89;r2=R83;r3=R78;c1=string@83544","benchmark_rexxcps_levelb_opt",1848
203,114,4,2,2,candidate,"STOI_REG(r1) | ICOPY_REG_REG(r2,r1)","r1=R15;r2=R4","benchmark_rexxcps_levelb_opt",33
204,112,2,1,3,candidate,"ENDLIFE_REG(r1) | NOT_REG_REG(r2,r3)","r1=R51;r2=R54;r3=R55","parseExec",751
205,112,2,1,4,over_3_symbols,"IADD_REG_REG_INT(r1,r2,c1) | BCTP_ID_REG(c2,r2)","r1=R44;r2=R53;c1=int:1;c2=label@557","parseExec",613
206,112,2,1,5,over_3_symbols,"ICOPY_REG_REG(r1,r2) | IEQ_REG_REG_INT(r3,r4,c1)","r1=R34;r2=R81;r3=R84;r4=R38;c1=int:3","parseExec",3165
207,112,2,1,4,over_3_symbols,"ISUB_REG_REG_INT(r1,r1,c1) | ISUB_REG_REG_REG(r2,r3,r1)","r1=R44;c1=int:1;r2=R49;r3=R51","parseExec",634
208,112,2,1,5,over_3_symbols,"ISUB_REG_REG_REG(r1,r2,r3) | ILT_REG_REG_INT(r4,r1,c1)","r1=R49;r2=R51;r3=R44;r4=R56;c1=int:19","parseExec",638
209,112,2,1,5,over_3_symbols,"STRCHAR_REG_REG_REG(r1,r2,r3) | ILT_REG_REG_INT(r4,r1,c1)","r1=R45;r2=R50;r3=R53;r4=R55;c1=int:48","parseExec",564
210,109,1,1,3,candidate,"IEQ_REG_REG_REG(r1,r2,r3) | UNLINK_REG(r3)","r1=R16;r2=R9;r3=R15","stem",290
211,109,1,1,5,over_3_symbols,"LINKATTR1_REG_REG_INT(r1,r2,c1) | IEQ_REG_REG_REG(r3,r4,r1)","r1=R15;r2=R20;c1=int:3;r3=R16;r4=R9","stem",286
212,107,9,3,2,candidate,"UNLINK_REG(r1) | RET_REG(r2)","r1=R6;r2=R1","_address",5855
213,104,6,3,3,candidate,"SETNUMSTD_INT(c1) | LOAD_REG_INT(r1,c2)","c1=int:1;r1=R0;c2=int:0","_address",16550
214,101,3,1,2,candidate,"BRF_ID_REG(c1,r1) | RET()","c1=label@15431;r1=R0","trace",15427
215,99,6,1,3,candidate,"NULL_REG(r1) | LOAD_REG_STRING(r2,c1)","r1=R55;r2=R54;c1=string@35968","benchmark_rexxcps_levelb_opt",545
216,99,4,2,1,candidate,"UNLINK_REG(r1) | RET()","r1=R22","trace",6632
217,98,1,1,5,over_3_symbols,"BRF_ID_REG(c1,r1) | IGT_REG_REG_REG(r2,r3,r4)","c1=label@5632;r1=R110;r2=R109;r3=R4;r4=R27","parseExec",5513
218,98,7,1,4,over_3_symbols,"COPY_REG_REG(r1,r2) | LINKATTR1_REG_REG_INT(r3,r1,c1)","r1=R51;r2=R9;r3=R49;c1=int:5","_address",9492
219,98,1,1,4,over_3_symbols,"ENDLIFE_REG(r1) | IEQ_REG_REG_INT(r2,r3,c1)","r1=R53;r2=R56;r3=R44;c1=int:0","parseExec",620
220,98,1,1,4,over_3_symbols,"IADD_REG_REG_INT(r1,r2,c1) | IGT_REG_REG_REG(r1,r3,r1)","r1=R83;r2=R79;c1=int:1;r3=R34","parseExec",3190
221,98,1,1,5,over_3_symbols,"ICOPY_REG_REG(r1,r2) | IGT_REG_REG_INT(r3,r4,c1)","r1=R0;r2=R48;r3=R56;r4=R128;c1=int:0","parseExec",2105
222,98,1,1,5,over_3_symbols,"ICOPY_REG_REG(r1,r2) | MINATTRS_REG_REG_INT(r3,r4,c1)","r1=R39;r2=R8;r3=R22;r4=R55;c1=int:0","parseExec",3090
223,98,1,1,4,over_3_symbols,"LINKATTR1_REG_REG_REG(r1,r2,r3) | ICOPY_REG_REG(r1,r4)","r1=R83;r2=R22;r3=R21;r4=R6","parseExec",3390
224,98,1,1,4,over_3_symbols,"LINKATTR1_REG_REG_REG(r1,r2,r3) | SCOPY_REG_REG(r4,r1)","r1=R82;r2=R23;r3=R55;r4=R81","parseExec",3110
225,98,1,1,3,candidate,"LOAD_REG_INT(r1,c1) | NULL_REG(r2)","r1=R12;c1=int:0;r2=R33","parseExec",143
226,98,1,1,4,over_3_symbols,"NULL_REG(r1) | INE_REG_REG_INT(r2,r3,c1)","r1=R30;r2=R32;r3=R128;c1=int:0","parseExec",86
227,98,1,1,3,candidate,"UNLINK_REG(r1) | IEQ_REG_REG_INT(r1,r2,c1)","r1=R82;r2=R38;c1=int:2","parseExec",3117
228,92,5,2,4,over_3_symbols,"COPY_REG_REG(r1,r2) | REQ_REG_REG_STRING(r3,r1,c1)","r1=R3;r2=R7;r3=R11;c1=string@31136","_address",13875
229,90,13,3,3,candidate,"LOAD_REG_STRING(r1,c1) | LOAD_REG_STRING(r2,c1)","r1=R53;c1=string@68784;r2=R64","benchmark_rexxcps_levelb_opt",1363
230,84,4,1,5,over_3_symbols,"CONCAT_REG_STRING_REG(r1,c1,r2) | LOAD_REG_INT(r3,c2)","r1=R60;c1=string@33856;r2=R13;r3=R58;c2=int:2","benchmark_rexxcps_levelb_opt",719
231,84,2,2,2,candidate,"ENDLIFE_REG(r1) | RET_REG(r2)","r1=R3;r2=R17","_address",8143
232,84,6,1,4,over_3_symbols,"SWAP_REG_REG(r1,r2) | MINATTRS_REG_INT(r3,c1)","r1=R89;r2=R77;r3=R88;c1=int:1","benchmark_rexxcps_levelb_opt",1882
233,83,1,1,4,over_3_symbols,"GETANDTP_REG_REG_INT(r1,r2,c1) | NOT_REG_REG(r3,r1)","r1=R6;r2=R19;c1=int:256;r3=R7","stem",372
234,83,10,3,5,over_3_symbols,"LINKATTR1_REG_REG_INT(r1,r2,c1) | LINKATTR1_REG_REG_INT(r3,r2,c2)","r1=R6;r2=R1;c1=int:2;r3=R7;c2=int:1","_address",5842
235,83,1,1,3,candidate,"LINKATTR1_REG_REG_REG(r1,r2,r3) | RET_REG(r1)","r1=R17;r2=R18;r3=R1","stem",311
236,83,4,1,2,candidate,"SCOPY_REG_REG(r1,r2) | STOD_REG(r1)","r1=R54;r2=R51","benchmark_rexxcps_levelb_opt",794
237,81,8,2,4,over_3_symbols,"STRLEN_REG_REG(r1,r2) | INE_REG_REG_INT(r3,r1,c1)","r1=R50;r2=R47;r3=R56;c1=int:1","benchmark_rexxcps_levelb_opt",559
238,77,5,2,5,over_3_symbols,"LOAD_REG_INT(r1,c1) | GETATTRS_REG_REG_INT(r2,r3,c2)","r1=R3;c1=int:100;r2=R14;r3=R111;c2=int:0","benchmark_rexxcps_levelb_opt",15
239,76,4,1,5,over_3_symbols,"GETATTRS_REG_REG_INT(r1,r2,c1) | IGT_REG_REG_REG(r3,r4,r1)","r1=R27;r2=R42;c1=int:0;r3=R26;r4=R29","_address",14040
240,76,5,2,5,over_3_symbols,"LINKATTR1_REG_REG_INT(r1,r2,c1) | MINATTRS_REG_REG_INT(r3,r1,c2)","r1=R25;r2=R37;c1=int:16;r3=R22;c2=int:0","trace",6613
241,76,5,2,3,candidate,"LINKATTR1_REG_REG_REG(r1,r2,r3) | UNLINK_REG(r3)","r1=R24;r2=R22;r3=R25","trace",6621
242,75,5,2,4,over_3_symbols,"ENDLIFE_REG(r1) | REQ_REG_REG_STRING(r2,r3,c1)","r1=R44;r2=R54;r3=R43;c1=string@56408","benchmark_rexxcps_levelb_opt",1006
243,74,1,1,3,candidate,"SETNUMSTD_INT(c1) | IEQ_REG_REG_INT(r1,r2,c1)","c1=int:1;r1=R0;r2=R30","trace",15421
244,72,2,2,3,candidate,"SETNUMSTD_INT(c1) | LOAD_REG_STRING(r1,c2)","c1=int:2;r1=R0;c2=string@520","benchmark_rexxcps_levelb_opt",5791
245,70,1,1,5,over_3_symbols,"IADD_REG_REG_INT(r1,r2,c1) | LOAD_REG_INT(r3,c2)","r1=R108;r2=R104;c1=int:1;r3=R105;c2=int:3","parseExec",5590
246,70,1,1,4,over_3_symbols,"ICOPY_REG_REG(r1,r2) | BLE_ID_REG_REG(c1,r3,r1)","r1=R87;r2=R27;c1=label@5586;r3=R86","parseExec",5571
247,70,1,1,5,over_3_symbols,"ISUB_REG_REG_REG(r1,r2,r3) | IADD_REG_REG_INT(r4,r1,c1)","r1=R104;r2=R87;r3=R86;r4=R108;c1=int:1","parseExec",5586
248,70,1,1,5,over_3_symbols,"LINKATTR1_REG_REG_REG(r1,r2,r3) | SCOPY_REG_REG(r4,r5)","r1=R89;r2=R24;r3=R90;r4=R88;r5=R29","parseExec",5561
249,70,1,1,4,over_3_symbols,"SETNUMSTD_INT(c1) | ILTE_REG_REG_INT(r1,r2,c2)","c1=int:1;r1=R3;r2=R11;c2=int:0","parseExec",6918
250,69,4,1,4,over_3_symbols,"BRF_ID_REG(c1,r1) | ICOPY_REG_REG(r2,r3)","c1=label@14073;r1=R17;r2=R28;r3=R29","_address",14065
251,69,1,1,4,over_3_symbols,"LOAD_REG_INT(r1,c1) | IGT_REG_REG_INT(r2,r3,c1)","r1=R3;c1=int:0;r2=R15;r3=R1","stem",493
252,63,9,2,3,candidate,"LINKATTR1_REG_REG_INT(r1,r2,c1) | RET_REG(r1)","r1=R1;r2=R7;c1=int:2","_address",5966
253,62,3,1,3,candidate,"NULL_REG(r1) | SETOBJUNINIT_REG_STRING(r2,c1)","r1=R15;r2=R8;c1=string@322584","_address",9010
254,62,3,1,4,over_3_symbols,"SETOBJUNINIT_REG_STRING(r1,c1) | LOAD_REG_INT(r2,c2)","r1=R11;c1=string@321784;r2=R16;c2=int:0","_address",9018
255,59,4,3,3,candidate,"IADD_REG_REG_INT(r1,r2,c1) | UNLINK_REG(r2)","r1=R17;r2=R10;c1=int:1","_address",8096
256,59,4,3,5,over_3_symbols,"LINKATTR1_REG_REG_INT(r1,r2,c1) | IADD_REG_REG_INT(r3,r1,c2)","r1=R10;r2=R16;c1=int:2;r3=R17;c2=int:1","_address",8092
257,58,5,3,4,over_3_symbols,"BRF_ID_REG(c1,r1) | LOAD_REG_STRING(r2,c2)","c1=label@1426;r1=R58;r2=R53;c2=string@68784","benchmark_rexxcps_levelb_opt",1360
258,57,4,2,2,candidate,"DCOPY_REG_REG(r1,r2) | DTOS_REG(r1)","r1=R53;r2=R49","benchmark_rexxcps_levelb_opt",1222
259,56,2,1,2,candidate,"FCOPY_REG_REG(r1,r2) | FTOS_REG(r1)","r1=R53;r2=R60","benchmark_rexxcps_levelb_opt",808
260,56,4,1,3,candidate,"LOAD_REG_STRING(r1,c1) | NULL_REG(r2)","r1=R36;c1=string@89784;r2=R92","benchmark_rexxcps_levelb_opt",2033
261,56,1,1,2,candidate,"STRUPPER_REG_REG(r1,r2) | RET_REG(r1)","r1=R0;r2=R3","upper",13
262,55,3,1,3,candidate,"DTOS_REG(r1) | LOAD_REG_INT(r2,c1)","r1=R53;r2=R50;c1=int:3","benchmark_rexxcps_levelb_opt",1225
263,52,10,3,3,candidate,"SETATTRS_REG_INT(r1,c1) | SETOBJTYPE_REG_STRING(r1,c2)","r1=R1;c1=int:3;c2=string@38528","_address",5781
264,49,13,1,2,candidate,"COPY_REG_REG(r1,r2) | UNLINK_REG(r1)","r1=R7;r2=R3","_address",5837
265,46,3,2,3,candidate,"UNLINK_REG(r1) | SCOPY_REG_REG(r2,r3)","r1=R25;r2=R24;r3=R4","trace",6625
266,44,3,2,4,over_3_symbols,"COPY_REG_REG(r1,r2) | COPY_REG_REG(r3,r4)","r1=R29;r2=R91;r3=R30;r4=R92","_address",9124
267,44,3,2,5,over_3_symbols,"ISUB_REG_INT_REG(r1,c1,r2) | BLE_ID_REG_INT(c2,r1,c3)","r1=R51;c1=int:2;r2=R46;c2=label@662;c3=int:0","benchmark_rexxcps_levelb_opt",646
268,44,3,2,5,over_3_symbols,"ISUB_REG_REG_REG(r1,r2,r3) | BGE_ID_REG_INT(c1,r1,c2)","r1=R45;r2=R55;r3=R53;c1=label@589;c2=int:0","benchmark_rexxcps_levelb_opt",578
269,44,3,2,4,over_3_symbols,"LOAD_REG_INT(r1,c1) | BGE_ID_REG_REG(c2,r2,r1)","r1=R46;c1=int:2;c2=label@599;r2=R45","benchmark_rexxcps_levelb_opt",589
270,44,2,2,4,over_3_symbols,"REQ_REG_REG_REG(r1,r2,r3) | BRF_ID_REG(c1,r1)","r1=R60;r2=R27;r3=R55;c1=label@751","benchmark_rexxcps_levelb_opt",742
271,44,2,2,3,candidate,"REQ_REG_REG_STRING(r1,r1,c1) | BRF_ID_REG(c2,r1)","r1=R54;c1=string@48632;c2=label@852","benchmark_rexxcps_levelb_opt",843
272,44,3,2,5,over_3_symbols,"SUBSTRING_REG_REG_REG(r1,r2,r3) | ISUB_REG_INT_REG(r4,c1,r3)","r1=R52;r2=R54;r3=R46;r4=R51;c1=int:2","benchmark_rexxcps_levelb_opt",642
273,42,3,1,3,candidate,"BCOPY_REG_REG(r1,r2) | BR_ID(c1)","r1=R79;r2=R80;c1=label@1740","benchmark_rexxcps_levelb_opt",1735
274,42,3,1,2,candidate,"BCOPY_REG_REG(r1,r2) | UNLINK_REG(r1)","r1=R23;r2=R29","_address",9155
275,42,1,1,4,over_3_symbols,"FGT_REG_REG_REG(r1,r2,r3) | BRT_ID_REG(c1,r1)","r1=R58;r2=R60;r3=R59;c1=label@1266","benchmark_rexxcps_levelb_opt",760
276,42,3,1,4,over_3_symbols,"LINKATTR1_REG_REG_INT(r1,r2,c1) | BCOPY_REG_REG(r1,r3)","r1=R23;r2=R31;c1=int:8;r3=R29","_address",9151
277,42,2,1,4,over_3_symbols,"LOAD_REG_INT(r1,c1) | ISUB_REG_REG_REG(r2,r3,r1)","r1=R53;c1=int:5;r2=R45;r3=R55","benchmark_rexxcps_levelb_opt",575
278,42,3,1,2,candidate,"NULL_REG(r1) | BCOPY_REG_REG(r2,r1)","r1=R80;r2=R79","benchmark_rexxcps_levelb_opt",1733
279,42,3,1,4,over_3_symbols,"SETOBJUNINIT_REG_STRING(r1,c1) | SETOBJUNINIT_REG_STRING(r2,c2)","r1=R8;c1=string@322584;r2=R9;c2=string@322464","_address",9012
280,42,4,2,4,over_3_symbols,"SRCMETHODSEL_REG_REG_STRING(r1,r2,c1) | DCALL_REG_REG_REG(r1,r1,r3)","r1=R73;r2=R78;c1=string@77888;r3=R77","benchmark_rexxcps_levelb_opt",1725
281,42,3,1,5,over_3_symbols,"SWAP_REG_REG(r1,r2) | REQ_REG_REG_STRING(r3,r4,c1)","r1=R2;r2=R59;r3=R61;r4=R27;c1=string@7776","benchmark_rexxcps_levelb_opt",1293
282,40,13,1,4,over_3_symbols,"ENDLIFE_REG(r1) | INE_REG_REG_INT(r2,r3,c1)","r1=R22;r2=R25;r3=R20;c1=int:0","trace",6580
283,39,6,2,5,over_3_symbols,"LOAD_REG_STRING(r1,c1) | ILT_REG_REG_INT(r2,r3,c2)","r1=R71;c1=string@520;r2=R62;r3=R64;c2=int:0","benchmark_rexxcps_levelb_opt",2640
284,37,5,2,4,over_3_symbols,"STRLEN_REG_REG(r1,r2) | BNE_ID_REG_REG(c1,r3,r1)","r1=R65;r2=R68;c1=label@2687;r3=R64","benchmark_rexxcps_levelb_opt",2675
285,35,3,1,3,candidate,"COPY_REG_REG(r1,r2) | ASSERTTYPE_REG_STRING(r1,c1)","r1=R37;r2=R38;c1=string@30888","_address",14186
286,34,1,1,4,over_3_symbols,"ICOPY_REG_REG(r1,r2) | INE_REG_REG_INT(r3,r1,c1)","r1=R2;r2=R21;r3=R22;c1=int:0","_address",15818
287,33,5,4,4,over_3_symbols,"SEQ_REG_REG_STRING(r1,r2,c1) | BRF_ID_REG(c2,r1)","r1=R62;r2=R27;c1=string@29424;c2=label@1436","benchmark_rexxcps_levelb_opt",1426
288,32,16,2,2,candidate,"BTOI_REG(r1) | ICOPY_REG_REG(r2,r1)","r1=R61;r2=R40","format",1079
289,32,9,2,4,over_3_symbols,"REQ_REG_REG_STRING(r1,r2,c1) | BRT_ID_REG(c2,r1)","r1=R27;r2=R2;c1=string@1505456;c2=label@17254","trace",17243
290,31,1,1,4,over_3_symbols,"NULL_REG(r1) | BNE_ID_REG_INT(c1,r2,c2)","r1=R8;c1=label@16155;r2=R44;c2=int:1","trace",16140
291,30,1,1,6,over_3_symbols,"BNE_ID_REG_INT(c1,r1,c2) | REQ_REG_REG_REG(r2,r3,r4)","c1=label@16155;r1=R44;c2=int:1;r2=R10;r3=R48;r4=R42","trace",16142
292,30,1,1,3,candidate,"BRF_ID_REG(c1,r1) | RET_STRING(c2)","c1=label@14298;r1=R0;c2=string@1504304","trace",14293
293,30,15,1,3,candidate,"IEQ_REG_REG_INT(r1,r2,c1) | BTOI_REG(r1)","r1=R24;r2=R29;c1=int:1","trace",17128
294,30,2,2,4,over_3_symbols,"LOAD_REG_INT(r1,c1) | COPY_REG_REG(r2,r3)","r1=R50;c1=int:1;r2=R51;r3=R9","_address",9489
295,30,2,2,3,candidate,"LOAD_REG_INT(r1,c1) | STRLEN_REG_REG(r1,r2)","r1=R54;c1=int:0;r2=R53","benchmark_rexxcps_levelb_opt",813
296,30,15,1,4,over_3_symbols,"LOAD_REG_INT(r1,c1) | STRPOS_REG_REG_REG(r1,r2,r3)","r1=R29;c1=int:1;r2=R28;r3=R26","trace",17121
297,30,15,1,5,over_3_symbols,"STRLEN_REG_REG(r1,r2) | ILT_REG_REG_INT(r3,r4,c1)","r1=R25;r2=R26;r3=R24;r4=R27;c1=int:2","trace",17094
298,30,15,1,4,over_3_symbols,"STRLEN_REG_REG(r1,r2) | STRLEN_REG_REG(r3,r4)","r1=R27;r2=R28;r3=R25;r4=R26","trace",17091
299,30,15,1,5,over_3_symbols,"STRPOS_REG_REG_REG(r1,r2,r3) | IEQ_REG_REG_INT(r4,r1,c1)","r1=R29;r2=R28;r3=R26;r4=R24;c1=int:1","trace",17124
300,29,2,1,5,over_3_symbols,"BRF_ID_REG(c1,r1) | FNDNBLNK_REG_REG_REG(r2,r3,r4)","c1=label@232;r1=R23;r2=R21;r3=R17;r4=R13","benchmark_rexxcps_levelb_opt",149
301,29,2,1,6,over_3_symbols,"FNDBLNK_REG_REG_REG(r1,r2,r3) | IEQ_REG_REG_INT(r4,r5,c1)","r1=R19;r2=R17;r3=R21;r4=R24;r5=R15;c1=int:1","benchmark_rexxcps_levelb_opt",175
302,29,2,1,5,over_3_symbols,"IADD_REG_REG_INT(r1,r1,c1) | FNDBLNK_REG_REG_REG(r2,r3,r4)","r1=R15;c1=int:1;r2=R19;r3=R17;r4=R21","benchmark_rexxcps_levelb_opt",171
303,29,2,2,5,over_3_symbols,"ISUB_REG_REG_INT(r1,r2,c1) | BLE_ID_REG_INT(c2,r1,c3)","r1=R54;r2=R52;c1=int:1;c2=label@838;c3=int:17","benchmark_rexxcps_levelb_opt",828
304,29,2,1,4,over_3_symbols,"ISUB_REG_REG_REG(r1,r2,r3) | SETSTRPOS_REG_REG(r4,r3)","r1=R20;r2=R19;r3=R21;r4=R17","benchmark_rexxcps_levelb_opt",196
305,29,2,1,5,over_3_symbols,"LOAD_REG_STRING(r1,c1) | ILT_REG_REG_REG(r2,r3,r4)","r1=R14;c1=string@520;r2=R23;r3=R13;r4=R18","benchmark_rexxcps_levelb_opt",142
306,29,3,2,3,candidate,"NULL_REG(r1) | LOAD_REG_INT(r2,c1)","r1=R8;r2=R4;c1=int:100","benchmark_rexxcps_levelb_opt",10
307,29,2,2,3,candidate,"SWAP_REG_REG(r1,r2) | RET_REG(r3)","r1=R9;r2=R2;r3=R3","_address",15368
308,28,2,1,3,candidate,"ASSERTTYPE_REG_STRING(r1,c1) | UNLINK_REG(r2)","r1=R37;c1=string@30888;r2=R38","_address",14189
309,28,1,1,5,over_3_symbols,"BRF_ID_REG(c1,r1) | GETATTRS_REG_REG_INT(r2,r3,c2)","c1=label@5549;r1=R109;r2=R107;r3=R24;c2=int:0","parseExec",5520
310,28,1,1,3,candidate,"BRF_ID_REG(c1,r1) | ITOS_REG(r2)","c1=label@1260;r1=R54;r2=R13","benchmark_rexxcps_levelb_opt",1179
311,28,2,2,4,over_3_symbols,"BRTPANDT_ID_REG_INT(c1,r1,c2) | LOAD_REG_STRING(r1,c3)","c1=label@15355;r1=R9;c2=int:256;c3=string@31136","_address",15345
312,28,1,1,3,candidate,"BRT_ID_REG(c1,r1) | FTOD_REG(r2)","c1=label@1266;r1=R58;r2=R60","benchmark_rexxcps_levelb_opt",764
313,28,2,1,5,over_3_symbols,"CONCAT_REG_REG_STRING(r1,r2,c1) | CONCAT_REG_REG_STRING(r3,r1,c2)","r1=R54;r2=R27;c1=string@67024;r3=R60;c2=string@67072","benchmark_rexxcps_levelb_opt",1307
314,28,2,1,5,over_3_symbols,"CONCAT_REG_REG_STRING(r1,r2,c1) | LOAD_REG_INT(r3,c2)","r1=R60;r2=R54;c1=string@67072;r3=R58;c2=int:2","benchmark_rexxcps_levelb_opt",1311
315,28,1,1,3,candidate,"CONCAT_REG_STRING_REG(r1,c1,r2) | ITOS_REG(r2)","r1=R52;c1=string@33856;r2=R13","benchmark_rexxcps_levelb_opt",1184
316,28,11,1,5,over_3_symbols,"COPY_REG_REG(r1,r2) | LINKATTR1_REG_REG_INT(r3,r4,c1)","r1=R3;r2=R8;r3=R7;r4=R1;c1=int:2","_address",5830
317,28,1,1,3,candidate,"DADD_REG_REG_DECIMAL(r1,r1,c1) | DCOPY_REG_REG(r2,r1)","r1=R49;c1=decimal@64552;r2=R53","benchmark_rexxcps_levelb_opt",1218
318,28,1,1,3,candidate,"DGT_REG_REG_REG(r1,r2,r1) | BRF_ID_REG(c1,r1)","r1=R54;r2=R60;c1=label@808","benchmark_rexxcps_levelb_opt",799
319,28,1,1,4,over_3_symbols,"ENDLIFE_REG(r1) | ISUB_REG_REG_INT(r2,r3,c1)","r1=R53;r2=R54;r3=R52;c1=int:1","benchmark_rexxcps_levelb_opt",826
320,28,2,1,1,candidate,"ENDLIFE_REG(r1) | NULL_REG(r1)","r1=R80","benchmark_rexxcps_levelb_opt",1740
321,28,1,1,3,candidate,"FADD_REG_REG_REG(r1,r2,r1) | BR_ID(c1)","r1=R60;r2=R55;c1=label@760","benchmark_rexxcps_levelb_opt",1260
322,28,1,1,4,over_3_symbols,"FEQ_REG_REG_FLOAT(r1,r2,c1) | BRF_ID_REG(c2,r1)","r1=R53;r2=R60;c1=float@64984;c2=label@1260","benchmark_rexxcps_levelb_opt",1249
323,28,1,1,4,over_3_symbols,"FLT_REG_REG_FLOAT(r1,r2,c1) | BRF_ID_REG(c2,r1)","r1=R54;r2=R60;c1=float@63776;c2=label@1260","benchmark_rexxcps_levelb_opt",1175
324,28,1,1,2,candidate,"FTOD_REG(r1) | ITOS_REG(r2)","r1=R60;r2=R13","benchmark_rexxcps_levelb_opt",767
325,28,1,1,3,candidate,"FTOS_REG(r1) | LOAD_REG_INT(r2,c1)","r1=R53;r2=R54;c1=int:0","benchmark_rexxcps_levelb_opt",811
326,28,1,1,2,candidate,"FTOS_REG(r1) | REQ_REG_REG_STRING(r1,r1,c1)","r1=R54;c1=string@48632","benchmark_rexxcps_levelb_opt",841
327,28,11,1,4,over_3_symbols,"LINKATTR1_REG_REG_INT(r1,r2,c1) | COPY_REG_REG(r1,r3)","r1=R7;r2=R1;c1=int:2;r3=R3","_address",5833
328,28,2,1,4,over_3_symbols,"LINKATTR1_REG_REG_REG(r1,r2,r3) | COPY_REG_REG(r4,r1)","r1=R38;r2=R43;r3=R2;r4=R37","_address",14182
329,28,1,1,5,over_3_symbols,"LINKATTR1_REG_REG_REG(r1,r2,r3) | LOAD_REG_STRING(r4,c1)","r1=R106;r2=R24;r3=R107;r4=R105;c1=string@31136","parseExec",5535
330,28,2,1,4,over_3_symbols,"LOAD_REG_FLOAT(r1,c1) | LOAD_REG_FLOAT(r2,c2)","r1=R60;c1=float@45416;r2=R59;c2=float@45720","benchmark_rexxcps_levelb_opt",751
331,28,1,1,5,over_3_symbols,"LOAD_REG_STRING(r1,c1) | IADD_REG_REG_INT(r2,r3,c2)","r1=R120;c1=string@31136;r2=R112;r3=R118;c2=int:1","parseExec",4662
332,28,1,1,3,candidate,"LOAD_REG_STRING(r1,c1) | SCOPY_REG_REG(r2,r1)","r1=R105;c1=string@31136;r2=R106","parseExec",5539
333,28,1,1,3,candidate,"LOAD_REG_STRING(r1,c1) | STRLEN_REG_REG(r2,r1)","r1=R51;c1=string@33728;r2=R50","benchmark_rexxcps_levelb_opt",1019
334,28,2,1,4,over_3_symbols,"SETOBJTYPE_REG_STRING(r1,c1) | LOAD_REG_INT(r2,c2)","r1=R6;c1=string@36144;r2=R8;c2=int:0","_address",7993
335,28,1,1,2,candidate,"STOD_REG(r1) | DADD_REG_REG_DECIMAL(r1,r1,c1)","r1=R49;c1=decimal@64552","benchmark_rexxcps_levelb_opt",1216
336,28,1,1,2,candidate,"STOD_REG(r1) | DGT_REG_REG_REG(r1,r2,r1)","r1=R54;r2=R60","benchmark_rexxcps_levelb_opt",797
337,28,2,1,5,over_3_symbols,"SWAP_REG_REG(r1,r2) | BEQ_ID_REG_INT(c1,r3,c2)","r1=R2;r2=R22;c1=label@9096;r3=R10;c2=int:0","_address",9087
338,28,1,1,5,over_3_symbols,"SWAP_REG_REG(r1,r2) | FEQ_REG_REG_FLOAT(r3,r4,c1)","r1=R0;r2=R51;r3=R53;r4=R60;c1=float@64984","benchmark_rexxcps_levelb_opt",1246
339,27,1,1,3,candidate,"BRF_ID_REG(c1,r1) | RET_INT(c2)","c1=label@15830;r1=R22;c2=int:0","_address",15825
340,27,2,1,3,candidate,"DMULT_REG_REG_DECIMAL(r1,r1,c1) | DCOPY_REG_REG(r2,r1)","r1=R64;c1=decimal@69072;r2=R54","benchmark_rexxcps_levelb_opt",1393
341,27,2,1,2,candidate,"STOD_REG(r1) | DMULT_REG_REG_DECIMAL(r1,r1,c1)","r1=R64;c1=decimal@69072","benchmark_rexxcps_levelb_opt",1391
342,27,2,1,3,candidate,"SWAP_REG_REG(r1,r2) | BR_ID(c1)","r1=R2;r2=R52;c1=label@1436","benchmark_rexxcps_levelb_opt",1421
343,23,5,3,4,over_3_symbols,"BRF_ID_REG(c1,r1) | SETSTRPOS_REG_REG(r2,r3)","c1=label@2706;r1=R62;r2=R68;r3=R80","benchmark_rexxcps_levelb_opt",2691
344,23,2,2,2,candidate,"ENDLIFE_REG(r1) | LOAD_REG_INT(r1,c1)","r1=R22;c1=int:0","_address",15804
345,23,4,3,2,candidate,"SETNUMCAS_INT(c1) | SETNUMSTD_INT(c2)","c1=int:1;c2=int:2","benchmark_rexxcps_levelb_opt",6
346,21,2,1,4,over_3_symbols,"LINKATTR1_REG_REG_REG(r1,r2,r3) | COPY_REG_REG(r1,r4)","r1=R32;r2=R35;r3=R2;r4=R1","_address",15966
347,21,2,2,4,over_3_symbols,"LOAD_REG_STRING(r1,c1) | COPY_REG_REG(r2,r3)","r1=R32;c1=string@31136;r2=R6;r3=R30","trace",12384
348,21,2,1,4,over_3_symbols,"SWAP_REG_REG(r1,r2) | LOAD_REG_INT(r3,c1)","r1=R28;r2=R20;r3=R29;c1=int:3","_address",15900
349,21,2,2,3,candidate,"SWAP_REG_REG(r1,r2) | NULL_REG(r3)","r1=R77;r2=R76;r3=R85","benchmark_rexxcps_levelb_opt",1797
350,21,2,1,5,over_3_symbols,"SWAP_REG_REG(r1,r2) | SRCMETHODSEL_REG_REG_STRING(r3,r4,c1)","r1=R32;r2=R25;r3=R21;r4=R30;c1=string@323792","_address",15921
351,20,5,3,3,candidate,"ENDLIFE_REG(r1) | LOAD_REG_STRING(r2,c1)","r1=R77;r2=R36;c1=string@89784","benchmark_rexxcps_levelb_opt",2031
352,18,3,2,3,candidate,"BRT_ID_REG(c1,r1) | NULL_REG(r2)","c1=label@2348;r1=R40;r2=R28","benchmark_rexxcps_levelb_opt",504
353,18,5,2,4,over_3_symbols,"BRT_ID_REG(c1,r1) | REQ_REG_REG_STRING(r1,r2,c2)","c1=label@17254;r1=R27;r2=R2;c2=string@1505504","trace",17247
354,18,2,1,3,candidate,"ENDLIFE_REG(r1) | REQ_REG_REG_STRING(r2,r2,c1)","r1=R20;r2=R21;c1=string@322688","trace",5956
355,17,4,2,4,over_3_symbols,"COPY_REG_REG(r1,r2) | LOAD_REG_STRING(r3,c1)","r1=R12;r2=R3;r3=R13;c1=string@321984","_address",8065
356,17,3,3,2,candidate,"UNLINK_REG(r1) | LOAD_REG_INT(r1,c1)","r1=R7;c1=int:0","_address",8030
357,16,3,1,1,candidate,"BPOFF() | BR_ID(c1)","c1=label@469","benchmark_rexxcps_levelb_opt",436
358,16,1,1,0,candidate,"BPOFF() | RET()","","trace",12514
359,16,3,1,2,candidate,"BRF_ID_REG(c1,r1) | BPOFF()","c1=label@439;r1=R18","benchmark_rexxcps_levelb_opt",433
360,16,1,1,5,over_3_symbols,"BRF_ID_REG(c1,r1) | ISUB_REG_REG_REG(r2,r3,r4)","c1=label@6262;r1=R12;r2=R16;r3=R14;r4=R13","trace",6243
361,16,1,1,2,candidate,"COPY_REG_REG(r1,r2) | BPOFF()","r1=R7;r2=R30","trace",12511
362,16,1,1,4,over_3_symbols,"COPY_REG_REG(r1,r2) | ICOPY_REG_REG(r3,r4)","r1=R22;r2=R1;r3=R25;r4=R2","trace",6519
363,16,1,1,4,over_3_symbols,"COPY_REG_REG(r1,r2) | LINKATTR1_REG_REG_INT(r3,r2,c1)","r1=R0;r2=R37;r3=R21;c1=int:17","trace",6495
364,16,1,1,5,over_3_symbols,"COPY_REG_REG(r1,r2) | REQ_REG_REG_STRING(r3,r4,c1)","r1=R30;r2=R6;r3=R5;r4=R1;c1=string@1504304","trace",12498
365,16,1,1,2,candidate,"COPY_REG_REG(r1,r2) | UNLINK_REG(r2)","r1=R1;r2=R21","trace",6502
366,16,1,1,4,over_3_symbols,"ISUB_REG_REG_REG(r1,r2,r3) | SETSTRPOS_REG_REG(r4,r1)","r1=R16;r2=R14;r3=R13;r4=R15","trace",6246
367,16,1,1,4,over_3_symbols,"LINKATTR1_REG_REG_INT(r1,r2,c1) | COPY_REG_REG(r3,r1)","r1=R21;r2=R37;c1=int:17;r3=R1","trace",6498
368,16,1,1,2,candidate,"LOAD_REG_STRING(r1,c1) | RET()","r1=R2;c1=string@520","benchmark_rexxcps_levelb_opt",5796
369,16,1,1,3,candidate,"LOAD_REG_STRING(r1,c1) | STRLOWER_REG_REG(r1,r2)","r1=R8;c1=string@31136;r2=R9","trace",5797
370,16,1,1,3,candidate,"SCOPY_REG_REG(r1,r2) | REQ_REG_REG_STRING(r2,r1,c1)","r1=R4;r2=R25;c1=string@31136","trace",6484
371,16,2,2,4,over_3_symbols,"SCOPY_REG_REG(r1,r2) | SCOPY_REG_REG(r3,r4)","r1=R27;r2=R2;r3=R26;r4=R90","_address",9118
372,16,1,1,3,candidate,"STRLOWER_REG_REG(r1,r2) | COPY_REG_REG(r3,r1)","r1=R8;r2=R9;r3=R6","trace",5800
373,16,1,1,4,over_3_symbols,"SWAP_REG_REG(r1,r2) | REQ_REG_REG_STRING(r2,r3,c1)","r1=R39;r2=R5;r3=R1;c1=string@31136","trace",12370
374,15,2,2,3,candidate,"COPY_REG_REG(r1,r2) | NULL_REG(r3)","r1=R12;r2=R16;r3=R18","benchmark_rexxcps_levelb_opt",104
375,15,2,1,2,candidate,"ENDLIFE_REG(r1) | ITOS_REG(r2)","r1=R60;r2=R13","benchmark_rexxcps_levelb_opt",1266
376,15,1,1,2,candidate,"SETNUMSTD_INT(c1) | LOAD_REG_INT(r1,c1)","c1=int:1;r1=R1","trace",18538
377,15,2,2,3,candidate,"SWAP_REG_REG(r1,r2) | COPY_REG_REG(r3,r1)","r1=R54;r2=R39;r3=R46","_address",18275
378,14,1,1,3,candidate,"APPEND_REG_REG(r1,r2) | CONCAT_REG_REG_STRING(r1,r1,c1)","r1=R75;r2=R82;c1=string@36256","benchmark_rexxcps_levelb_opt",1937
379,14,1,1,3,candidate,"BCF_ID_REG(c1,r1) | NULL_REG(r2)","c1=label@2025;r1=R76;r2=R80","benchmark_rexxcps_levelb_opt",1924
380,14,1,1,4,over_3_symbols,"BNE_ID_REG_INT(c1,r1,c2) | RET_REG(r2)","c1=label@194;r1=R16;c2=int:0;r2=R11","strip",188
381,14,1,1,4,over_3_symbols,"CONCAT_REG_REG_REG(r1,r2,r3) | NULL_REG(r4)","r1=R77;r2=R75;r3=R83;r4=R90","benchmark_rexxcps_levelb_opt",1944
382,14,1,1,4,over_3_symbols,"CONCAT_REG_REG_STRING(r1,r1,c1) | CONCAT_REG_REG_REG(r2,r1,r3)","r1=R75;c1=string@36256;r2=R77;r3=R83","benchmark_rexxcps_levelb_opt",1940
383,14,1,1,4,over_3_symbols,"CONCAT_REG_REG_STRING(r1,r2,c1) | APPEND_REG_REG(r1,r3)","r1=R75;r2=R81;c1=string@36256;r3=R82","benchmark_rexxcps_levelb_opt",1933
384,14,1,1,6,over_3_symbols,"CONCAT_REG_STRING_REG(r1,c1,r2) | LINKATTR1_REG_REG_INT(r3,r4,c2)","r1=R15;c1=string@322392;r2=R5;r3=R10;r4=R16;c2=int:2","_address",8088
385,14,1,1,4,over_3_symbols,"CONCAT_REG_STRING_REG(r1,c1,r2) | NULL_REG(r3)","r1=R43;c1=string@33856;r2=R13;r3=R45","benchmark_rexxcps_levelb_opt",529
386,14,1,1,3,candidate,"COPY_REG_REG(r1,r2) | BR_ID(c1)","r1=R17;r2=R3;c1=label@8141","_address",8136
387,14,1,1,5,over_3_symbols,"COPY_REG_REG(r1,r2) | CONCAT_REG_STRING_REG(r3,c1,r4)","r1=R16;r2=R3;r3=R15;c1=string@322392;r4=R5","_address",8085
388,14,1,1,5,over_3_symbols,"COPY_REG_REG(r1,r2) | IEQ_REG_REG_INT(r3,r4,c1)","r1=R10;r2=R97;r3=R111;r4=R6;c1=int:3","parseExec",4565
389,14,1,1,4,over_3_symbols,"COPY_REG_REG(r1,r2) | RNE_REG_REG_STRING(r3,r1,c1)","r1=R2;r2=R19;r3=R23;c1=string@31136","_address",9064
390,14,1,1,3,candidate,"ENDLIFE_REG(r1) | COPY_REG_REG(r2,r3)","r1=R50;r2=R83;r3=R9","_address",9978
391,14,1,1,3,candidate,"ENDLIFE_REG(r1) | IEQ_REG_REG_INT(r1,r2,c1)","r1=R38;r2=R46;c1=int:0","parseExec",1924
392,14,1,1,5,over_3_symbols,"IADD_REG_REG_INT(r1,r2,c1) | ISUB_REG_REG_REG(r3,r1,r4)","r1=R87;r2=R100;c1=int:1;r3=R99;r4=R94","parseExec",3921
393,14,1,1,4,over_3_symbols,"IADD_REG_REG_REG(r1,r2,r3) | BR_ID(c1)","r1=R97;r2=R94;r3=R96;c1=label@3964","parseExec",3942
394,14,1,1,4,over_3_symbols,"ICOPY_REG_REG(r1,r2) | BNE_ID_REG_INT(c1,r1,c2)","r1=R2;r2=R21;c1=label@16537;c2=int:0","_address",16528
395,14,1,1,3,candidate,"ICOPY_REG_REG(r1,r2) | ISUB_REG_REG_INT(r1,r1,c1)","r1=R16;r2=R88;c1=int:5","_address",9235
396,14,1,1,4,over_3_symbols,"ICOPY_REG_REG(r1,r2) | LINKATTR1_REG_REG_INT(r2,r3,c1)","r1=R14;r2=R17;r3=R16;c1=int:2","_address",8102
397,14,1,1,4,over_3_symbols,"ISUB_REG_REG_INT(r1,r1,c1) | LOAD_REG_INT(r2,c2)","r1=R16;c1=int:5;r2=R34;c2=int:2","_address",9238
398,14,1,1,4,over_3_symbols,"ISUB_REG_REG_REG(r1,r2,r3) | IGT_REG_REG_REG(r2,r4,r1)","r1=R99;r2=R87;r3=R94;r4=R96","parseExec",3925
399,14,1,1,5,over_3_symbols,"LOAD_REG_FLOAT(r1,c1) | FGT_REG_REG_REG(r2,r3,r4)","r1=R55;c1=float@45416;r2=R58;r3=R60;r4=R59","benchmark_rexxcps_levelb_opt",757
400,14,1,1,3,candidate,"LOAD_REG_INT(r1,c1) | BCF_ID_REG(c2,r1)","r1=R76;c1=int:1;c2=label@2025","benchmark_rexxcps_levelb_opt",1921
401,14,1,1,5,over_3_symbols,"LOAD_REG_INT(r1,c1) | IGT_REG_REG_REG(r2,r3,r4)","r1=R34;c1=int:2;r2=R33;r3=R21;r4=R16","_address",9242
402,14,1,1,4,over_3_symbols,"LOAD_REG_STRING(r1,c1) | SEQ_REG_REG_STRING(r2,r1,c2)","r1=R27;c1=string@70048;r2=R64;c2=string@70408","benchmark_rexxcps_levelb_opt",1436
403,14,1,1,4,over_3_symbols,"NULL_REG(r1) | CONCAT_REG_REG_STRING(r2,r3,c1)","r1=R78;r2=R75;r3=R81;c1=string@36256","benchmark_rexxcps_levelb_opt",1931
404,14,1,1,2,candidate,"NULL_REG(r1) | ITOS_REG(r2)","r1=R38;r2=R13","benchmark_rexxcps_levelb_opt",525
405,14,1,1,4,over_3_symbols,"NULL_REG(r1) | LINKATTR1_REG_REG_INT(r2,r3,c1)","r1=R0;r2=R3;r3=R23;c1=int:2","_address",7957
406,14,1,1,4,over_3_symbols,"SCOPY_REG_REG(r1,r2) | COPY_REG_REG(r3,r4)","r1=R26;r2=R90;r3=R29;r4=R91","_address",9121
407,14,1,1,5,over_3_symbols,"SCOPY_REG_REG(r1,r2) | GETATTRS_REG_REG_INT(r3,r4,c1)","r1=R103;r2=R108;r3=R110;r4=R24;c1=int:0","parseExec",4541
408,14,1,1,3,candidate,"SCOPY_REG_REG(r1,r2) | LOAD_REG_INT(r2,c1)","r1=R7;r2=R10;c1=int:3","_address",17756
409,14,1,1,3,candidate,"SCOPY_REG_REG(r1,r2) | RET_INT(c1)","r1=R25;r2=R3;c1=int:0","_address",16537
410,14,1,1,4,over_3_symbols,"SCOPY_REG_REG(r1,r2) | SETATTRS_REG_INT(r3,c1)","r1=R5;r2=R0;r3=R6;c1=int:7","_address",7987
411,14,1,1,2,candidate,"SCOPY_REG_REG(r1,r2) | STOI_REG(r1)","r1=R102;r2=R7","parseExec",3872
412,14,2,1,4,over_3_symbols,"SETNUMSTD_INT(c1) | LINKATTR1_REG_REG_INT(r1,r2,c2)","c1=int:1;r1=R1;r2=R7;c2=int:2","_address",5964
413,14,1,1,4,over_3_symbols,"SETOBJTYPE_REG_STRING(r1,c1) | SCOPY_REG_REG(r2,r3)","r1=R31;c1=string@34648;r2=R27;r3=R2","_address",9115
414,14,1,1,4,over_3_symbols,"SETTP_REG_INT(r1,c1) | GETANDTP_REG_REG_INT(r2,r1,c2)","r1=R19;c1=int:0;r2=R6;c2=int:256","stem",369
415,14,1,1,4,over_3_symbols,"SETTP_REG_INT(r1,c1) | LOAD_REG_INT(r2,c2)","r1=R9;c1=int:0;r2=R1;c2=int:1","_address",15352
416,14,1,1,4,over_3_symbols,"SETTP_REG_INT(r1,c1) | SRCMETHODSEL_REG_REG_STRING(r2,r1,c2)","r1=R78;c1=int:256;r2=R73;c2=string@77888","benchmark_rexxcps_levelb_opt",1722
417,14,1,1,4,over_3_symbols,"SWAP_REG_REG(r1,r2) | INE_REG_REG_INT(r2,r3,c1)","r1=R3;r2=R11;r3=R0;c1=int:0","_address",13905
418,14,1,1,3,candidate,"SWAP_REG_REG(r1,r2) | ITOS_REG(r3)","r1=R58;r2=R44;r3=R13","benchmark_rexxcps_levelb_opt",714
419,14,1,1,3,candidate,"SWAP_REG_REG(r1,r2) | LOAD_REG_INT(r2,c1)","r1=R8;r2=R50;c1=int:1","_address",9486
420,14,1,1,5,over_3_symbols,"SWAP_REG_REG(r1,r2) | MINATTRS_REG_REG_INT(r3,r4,c1)","r1=R30;r2=R45;r3=R51;r4=R2;c1=int:0","_address",18357
421,14,1,1,5,over_3_symbols,"SWAP_REG_REG(r1,r2) | REQ_REG_REG_REG(r3,r4,r5)","r1=R0;r2=R59;r3=R60;r4=R27;r5=R55","benchmark_rexxcps_levelb_opt",739
422,14,1,1,3,candidate,"UNLINK_REG(r1) | BCTP_ID_REG(c1,r2)","r1=R80;c1=label@500;r2=R13","benchmark_rexxcps_levelb_opt",2343
423,14,1,1,3,candidate,"UNLINK_REG(r1) | REQ_REG_REG_STRING(r1,r2,c1)","r1=R3;r2=R0;c1=string@31136","_address",7966
424,14,1,1,3,candidate,"UNLINK_REG(r1) | SETATTRS_REG_INT(r2,c1)","r1=R23;r2=R32;c1=int:5","_address",9188
425,10,3,2,5,over_3_symbols,"BRT_ID_REG(c1,r1) | REQ_REG_REG_STRING(r2,r3,c2)","c1=label@17265;r1=R27;r2=R26;r3=R2;c2=string@1505552","trace",17254
426,10,5,1,5,over_3_symbols,"LOAD_REG_STRING(r1,c1) | IGT_REG_REG_INT(r2,r3,c2)","r1=R5;c1=string@31136;r2=R48;r3=R34;c2=int:0","format",462
427,10,3,2,5,over_3_symbols,"REQ_REG_REG_STRING(r1,r2,c1) | BRTF_ID_ID_REG(c2,c3,r1)","r1=R26;r2=R2;c1=string@1505552;c2=label@17271;c3=label@17276","trace",17257
428,9,3,2,4,over_3_symbols,"LOAD_REG_INT(r1,c1) | SWAP_REG_REG(r2,r3)","r1=R72;c1=int:5;r2=R73;r3=R11","benchmark_rexxcps_levelb_opt",2564
429,9,6,2,3,candidate,"SETOBJTYPE_REG_STRING(r1,c1) | SETNUMDGTS_INT(c2)","r1=R1;c1=string@38528;c2=int:18","_address",5784
430,8,4,1,3,candidate,"ENDLIFE_REG(r1) | INE_REG_REG_INT(r2,r2,c1)","r1=R12;r2=R30;c1=int:0","trace",17035
431,8,4,1,3,candidate,"INE_REG_REG_INT(r1,r1,c1) | BRF_ID_REG(c2,r1)","r1=R30;c1=int:0;c2=label@17067","trace",17037
432,8,2,1,5,over_3_symbols,"LOAD_REG_INT(r1,c1) | REQ_REG_REG_STRING(r2,r3,c2)","r1=R12;c1=int:0;r2=R14;r3=R5;c2=string@1502904","time",117
433,7,1,1,4,over_3_symbols,"ASSERTTYPE_REG_STRING(r1,c1) | LOAD_REG_STRING(r2,c2)","r1=R28;c1=string@34128;r2=R25;c2=string@31136","_address",15870
434,7,1,1,5,over_3_symbols,"BRF_ID_REG(c1,r1) | BEQ_ID_REG_INT(c2,r2,c3)","c1=label@28;r1=R1;c2=label@20;r2=R5;c3=int:0","/Users/adrian/CLionProjects/CREXX/lib/rxfnsb/rxas/_elapsed",4
435,7,1,1,4,over_3_symbols,"BRF_ID_REG(c1,r1) | COPY_REG_REG(r2,r3)","c1=label@15941;r1=R22;r2=R28;r3=R1","_address",15864
436,7,1,1,5,over_3_symbols,"GETATTRS_REG_REG_INT(r1,r2,c1) | IADD_REG_REG_INT(r3,r1,c2)","r1=R31;r2=R34;c1=int:0;r3=R2;c2=int:1","_address",15941
437,7,1,1,5,over_3_symbols,"IADD_REG_REG_INT(r1,r2,c1) | MINATTRS_REG_REG_INT(r3,r1,c2)","r1=R2;r2=R31;c1=int:1;r3=R34;c2=int:0","_address",15945
438,7,1,1,4,over_3_symbols,"ISTYPE_REG_REG_STRING(r1,r2,c1) | BRF_ID_REG(c2,r1)","r1=R22;r2=R1;c1=string@34128;c2=label@15941","_address",15860
439,7,5,1,5,over_3_symbols,"LINKATTR1_REG_REG_INT(r1,r2,c1) | REQ_REG_REG_STRING(r3,r1,c2)","r1=R8;r2=R16;c1=int:1;r3=R7;c2=string@31136","_address",5925
440,7,4,1,3,candidate,"LOAD_REG_INT(r1,c1) | SETSTRPOS_REG_REG(r2,r1)","r1=R41;c1=int:0;r2=R23","format",472
441,7,1,1,3,candidate,"LOAD_REG_STRING(r1,c1) | REQ_REG_REG_STRING(r2,r1,c1)","r1=R25;c1=string@31136;r2=R21","_address",15873
442,7,5,1,3,candidate,"REQ_REG_REG_STRING(r1,r2,c1) | UNLINK_REG(r2)","r1=R7;r2=R8;c1=string@31136","_address",5929
443,7,1,1,4,over_3_symbols,"SCOPY_REG_REG(r1,r2) | SETOBJUNINIT_REG_STRING(r3,c1)","r1=R26;r2=R3;r3=R28;c1=string@323664","_address",15854
444,7,5,1,3,candidate,"SETNUMSTD_INT(c1) | LINKATTR1_REG_REG_INT(r1,r2,c1)","c1=int:1;r1=R1;r2=R7","_address",5982
445,7,1,1,5,over_3_symbols,"SETOBJUNINIT_REG_STRING(r1,c1) | ISTYPE_REG_REG_STRING(r2,r3,c2)","r1=R28;c1=string@323664;r2=R22;r3=R1;c2=string@34128","_address",15857
446,7,1,1,3,candidate,"SRCFPROCSEL_REG_STRING_REG(r1,c1,r2) | DCALL_REG_REG_REG(r1,r1,r2)","r1=R1;c1=string@323440;r2=R21","_address",15839
447,7,1,1,5,over_3_symbols,"SWAP_REG_REG(r1,r2) | GETATTRS_REG_REG_INT(r3,r4,c1)","r1=R25;r2=R32;r3=R31;r4=R34;c1=int:0","_address",15938
448,7,1,1,5,over_3_symbols,"SWAP_REG_REG(r1,r2) | SRCFPROCSEL_REG_STRING_REG(r3,c1,r4)","r1=R22;r2=R3;r3=R1;c1=string@323440;r4=R21","_address",15836
449,7,1,1,4,over_3_symbols,"SWAP_REG_REG(r1,r2) | SRCMETHODSEL_REG_REG_STRING(r3,r1,c1)","r1=R20;r2=R28;r3=R25;c1=string@323720","_address",15889
450,7,1,1,2,candidate,"UNLINK_REG(r1) | RET_INT(c1)","r1=R32;c1=int:0","_address",15973
451,6,3,1,5,over_3_symbols,"BRTPANDT_ID_REG_INT(c1,r1,c2) | LOAD_REG_INT(r2,c3)","c1=label@18;r1=R64;c2=int:256;r2=R7;c3=int:0","format",6
452,6,3,1,5,over_3_symbols,"GETANDTP_REG_REG_INT(r1,r2,c1) | GETANDTP_REG_REG_INT(r3,r4,c1)","r1=R8;r2=R7;c1=int:256;r3=R3;r4=R2","format",112
453,6,3,1,2,candidate,"LOAD_REG_INT(r1,c1) | SETTP_REG_INT(r1,c1)","r1=R7;c1=int:0","format",10
454,5,1,1,3,candidate,"COPY_REG_REG(r1,r2) | RET_INT(c1)","r1=R3;r2=R5;c1=int:0","/Users/adrian/CLionProjects/CREXX/lib/rxfnsb/rxas/_elapsed",31
455,4,2,1,5,over_3_symbols,"BRF_ID_REG(c1,r1) | IADD_REG_REG_REG(r2,r3,r4)","c1=label@1163;r1=R53;r2=R41;r3=R32;r4=R2","format",825
456,4,1,1,3,candidate,"ENDLIFE_REG(r1) | LOAD_REG_FLOAT(r2,c1)","r1=R19;r2=R18;c1=float@1505984","time",348
457,4,1,1,4,over_3_symbols,"FCOPY_REG_REG(r1,r2) | FDIV_REG_REG_FLOAT(r3,r1,c1)","r1=R18;r2=R16;r3=R22;c1=float@1592624","time",355
458,4,1,1,3,candidate,"FDIV_REG_REG_FLOAT(r1,r2,c1) | FTOS_REG(r1)","r1=R22;r2=R18;c1=float@1592624","time",358
459,4,1,1,1,candidate,"FTOS_REG(r1) | RET_REG(r1)","r1=R22","time",362
460,4,2,1,5,over_3_symbols,"ISUB_REG_INT_REG(r1,c1,r2) | POSCHAR_REG_REG_REG(r1,r3,r4)","r1=R11;c1=int:0;r2=R48;r3=R29;r4=R44","format",310
461,4,1,1,2,candidate,"ITOF_REG(r1) | FCOPY_REG_REG(r2,r1)","r1=R16;r2=R18","time",353
462,4,1,1,3,candidate,"LOAD_REG_FLOAT(r1,c1) | ITOF_REG(r2)","r1=R18;c1=float@1505984;r2=R16","time",350
463,4,4,1,3,candidate,"LOAD_REG_FLOAT(r1,c1) | LOAD_REG_FLOAT(r2,c1)","r1=R5;c1=float@18176;r2=R6","benchmark_rexxcps_levelb_opt",287
464,4,2,1,4,over_3_symbols,"LOAD_REG_INT(r1,c1) | ISUB_REG_INT_REG(r2,c2,r1)","r1=R48;c1=int:1;r2=R11;c2=int:0","format",307
465,4,1,1,2,candidate,"LOAD_REG_INT(r1,c1) | RET_INT(c1)","r1=R3;c1=int:0","/Users/adrian/CLionProjects/CREXX/lib/rxfnsb/rxas/_elapsed",23
466,4,1,1,5,over_3_symbols,"LOAD_REG_INT(r1,c1) | SEQ_REG_REG_STRING(r2,r3,c2)","r1=R11;c1=int:0;r2=R13;r3=R6;c2=string@31136","time",40
467,4,1,1,4,over_3_symbols,"MTIME_REG(r1) | REQ_REG_REG_STRING(r2,r3,c1)","r1=R11;r2=R17;r3=R5;c1=string@1592408","time",267
468,4,1,1,5,over_3_symbols,"STRCHAR_REG_REG_REG(r1,r2,r3) | BRF_ID_REG(c1,r4)","r1=R10;r2=R20;r3=R61;c1=label@1303;r4=R43","format",1291
469,4,1,1,4,over_3_symbols,"STRUPPER_REG_REG(r1,r2) | REQ_REG_REG_STRING(r3,r1,c1)","r1=R5;r2=R6;r3=R13;c1=string@1592072","time",55
470,4,2,1,3,candidate,"SUBSTRING_REG_REG_REG(r1,r2,r3) | SCOPY_REG_REG(r2,r1)","r1=R52;r2=R20;r3=R38","format",855
471,4,2,1,5,over_3_symbols,"SWAP_REG_REG(r1,r2) | BRTPANDT_ID_REG_INT(c1,r3,c2)","r1=R2;r2=R6;c1=label@31;r3=R7;c2=int:512","pos",19
472,4,1,1,3,candidate,"SWAP_REG_REG(r1,r2) | ENDLIFE_REG(r3)","r1=R11;r2=R22;r3=R19","time",345
473,4,1,1,4,over_3_symbols,"SWAP_REG_REG(r1,r2) | ILT_REG_REG_INT(r2,r3,c1)","r1=R11;r2=R20;r3=R16;c1=int:0","time",304
474,3,1,1,4,over_3_symbols,"BEQ_ID_REG_INT(c1,r1,c2) | COPY_REG_REG(r2,r1)","c1=label@20;r1=R5;c2=int:0;r2=R1","/Users/adrian/CLionProjects/CREXX/lib/rxfnsb/rxas/_elapsed",7
475,3,2,1,4,over_3_symbols,"BRF_ID_REG(c1,r1) | APPENDCHAR_REG_REG(r2,r3)","c1=label@1194;r1=R61;r2=R0;r3=R33","format",1170
476,3,1,1,3,candidate,"COPY_REG_REG(r1,r2) | ISUB_REG_REG_REG(r1,r1,r3)","r1=R1;r2=R5;r3=R3","/Users/adrian/CLionProjects/CREXX/lib/rxfnsb/rxas/_elapsed",11
477,3,1,1,2,candidate,"ISUB_REG_REG_REG(r1,r1,r2) | RET_REG(r1)","r1=R1;r2=R3","/Users/adrian/CLionProjects/CREXX/lib/rxfnsb/rxas/_elapsed",14
478,2,1,1,3,candidate,"APPENDCHAR_REG_REG(r1,r2) | BR_ID(c1)","r1=R35;r2=R10;c1=label@1345","format",1298
479,2,1,1,4,over_3_symbols,"APPENDCHAR_REG_REG(r1,r2) | LOAD_REG_INT(r3,c1)","r1=R35;r2=R10;r3=R43;c1=int:1","format",1378
480,2,1,1,4,over_3_symbols,"APPEND_REG_REG(r1,r2) | BRF_ID_REG(c1,r3)","r1=R35;r2=R0;c1=label@1496;r3=R39","format",1389
481,2,1,1,5,over_3_symbols,"BGE_ID_REG_INT(c1,r1,c2) | POSCHAR_REG_REG_REG(r1,r2,r3)","c1=label@326;r1=R11;c2=int:0;r2=R29;r3=R22","format",318
482,2,1,1,5,over_3_symbols,"BRF_ID_REG(c1,r1) | IEQ_REG_REG_REG(r2,r3,r4)","c1=label@1384;r1=R58;r2=R57;r3=R10;r4=R45","format",1348
483,2,1,1,3,candidate,"BRF_ID_REG(c1,r1) | NOT_REG_REG(r1,r2)","c1=label@222;r1=R46;r2=R3","format",216
484,2,1,1,4,over_3_symbols,"BRTPANDT_ID_REG_INT(c1,r1,c2) | LOAD_REG_INT(r1,c3)","c1=label@44;r1=R8;c2=int:256;c3=int:1","pos",34
485,2,1,1,4,over_3_symbols,"BRT_ID_REG(c1,r1) | ICOPY_REG_REG(r2,r3)","c1=label@523;r1=R16;r2=R49;r3=R18","format",513
486,2,2,1,4,over_3_symbols,"BRT_ID_REG(c1,r1) | LOAD_REG_STRING(r2,c2)","c1=label@358;r1=R23;r2=R22;c2=string@21200","benchmark_rexxcps_levelb_opt",309
487,2,1,1,4,over_3_symbols,"BRT_ID_REG(c1,r1) | SEQ_REG_REG_STRING(r1,r2,c2)","c1=label@67;r1=R4;r2=R1;c2=string@31136","pos",60
488,2,1,1,6,over_3_symbols,"CONCAT_REG_REG_REG(r1,r2,r3) | IADD_REG_REG_REG(r4,r5,r6)","r1=R20;r2=R5;r3=R0;r4=R21;r5=R6;r6=R1","format",730
489,2,1,1,3,candidate,"DTOS_REG(r1) | NOT_REG_REG(r2,r3)","r1=R29;r2=R46;r3=R8","format",211
490,2,1,1,3,candidate,"ENDLIFE_REG(r1) | APPEND_REG_REG(r2,r3)","r1=R61;r2=R35;r3=R0","format",1387
491,2,1,1,4,over_3_symbols,"ENDLIFE_REG(r1) | IGT_REG_REG_REG(r2,r3,r4)","r1=R21;r2=R22;r3=R24;r4=R20","trace",16801
492,2,2,1,3,candidate,"FTOD_REG(r1) | LOAD_REG_INT(r2,c1)","r1=R11;r2=R75;c1=int:1","benchmark_rexxcps_levelb_opt",2559
493,2,1,1,5,over_3_symbols,"GETANDTP_REG_REG_INT(r1,r2,c1) | BRF_ID_REG(c2,r3)","r1=R18;r2=R17;c1=int:256;c2=label@139;r3=R8","format",124
494,2,1,1,5,over_3_symbols,"IADD_REG_REG_INT(r1,r2,c1) | ISUB_REG_REG_REG(r3,r4,r1)","r1=R41;r2=R34;c1=int:1;r3=R1;r4=R24","format",482
495,2,1,1,4,over_3_symbols,"IADD_REG_REG_REG(r1,r2,r3) | IGT_REG_REG_REG(r1,r4,r1)","r1=R61;r2=R32;r3=R2;r4=R21","format",1084
496,2,1,1,6,over_3_symbols,"IADD_REG_REG_REG(r1,r2,r3) | ILT_REG_REG_INT(r4,r5,c1)","r1=R21;r2=R6;r3=R1;r4=R54;r5=R32;c1=int:1","format",734
497,2,1,1,4,over_3_symbols,"IADD_REG_REG_REG(r1,r2,r3) | ISUB_REG_REG_REG(r4,r1,r3)","r1=R7;r2=R32;r3=R40;r4=R61","format",1226
498,2,1,1,5,over_3_symbols,"IADD_REG_REG_REG(r1,r2,r3) | STRCHAR_REG_REG_REG(r4,r5,r1)","r1=R41;r2=R32;r3=R2;r4=R36;r5=R20","format",828
499,2,2,1,3,candidate,"ICOPY_REG_REG(r1,r2) | BCF_ID_REG(c1,r1)","r1=R22;r2=R4;c1=label@333","benchmark_rexxcps_levelb_opt",325
500,2,1,1,4,over_3_symbols,"ICOPY_REG_REG(r1,r2) | BRTF_ID_ID_REG(c1,c2,r1)","r1=R49;r2=R18;c1=label@529;c2=label@720","format",516
501,2,1,1,4,over_3_symbols,"ICOPY_REG_REG(r1,r2) | BRT_ID_REG(c1,r3)","r1=R32;r2=R6;c1=label@523;r3=R16","format",510
502,2,1,1,4,over_3_symbols,"ICOPY_REG_REG(r1,r2) | IADD_REG_REG_REG(r2,r3,r4)","r1=R40;r2=R61;r3=R32;r4=R2","format",1081
503,2,1,1,5,over_3_symbols,"ICOPY_REG_REG(r1,r2) | IGTE_REG_REG_INT(r3,r4,c1)","r1=R21;r2=R38;r3=R51;r4=R36;c1=int:53","format",862
504,2,1,1,4,over_3_symbols,"ICOPY_REG_REG(r1,r2) | NOT_REG_REG(r3,r4)","r1=R21;r2=R32;r3=R61;r4=R8","format",1217
505,2,1,1,3,candidate,"ICOPY_REG_REG(r1,r2) | SETTP_REG_INT(r1,c1)","r1=R2;r2=R65;c1=int:256","format",36
506,2,1,1,4,over_3_symbols,"ICOPY_REG_REG(r1,r2) | STRPOS_REG_REG_REG(r1,r3,r4)","r1=R0;r2=R8;r3=R2;r4=R1","pos",72
507,2,1,1,3,candidate,"IEQ_REG_REG_INT(r1,r1,c1) | BRF_ID_REG(c2,r1)","r1=R30;c1=int:0;c2=label@17022","trace",17007
508,2,1,1,5,over_3_symbols,"ILT_REG_REG_INT(r1,r2,c1) | BRTF_ID_ID_REG(c2,c3,r1)","r1=R46;r2=R2;c1=int:0;c2=label@165;c3=label@168","format",151
509,2,1,1,5,over_3_symbols,"ISUB_REG_REG_INT(r1,r2,c1) | ISUB_REG_REG_REG(r3,r4,r1)","r1=R10;r2=R11;c1=int:1;r3=R21;r4=R29","trace",16865
510,2,1,1,5,over_3_symbols,"ISUB_REG_REG_REG(r1,r2,r3) | LOAD_REG_STRING(r4,c1)","r1=R1;r2=R24;r3=R41;r4=R0;c1=string@31136","format",486
511,2,1,1,5,over_3_symbols,"ISUB_REG_REG_REG(r1,r2,r3) | NOT_REG_REG(r4,r5)","r1=R4;r2=R21;r3=R32;r4=R54;r5=R3","format",787
512,2,2,1,3,candidate,"ITOF_REG(r1) | FDIV_REG_REG_REG(r2,r3,r1)","r1=R3;r2=R80;r3=R11","benchmark_rexxcps_levelb_opt",2598
513,2,2,1,3,candidate,"LINKATTR1_REG_REG_INT(r1,r2,c1) | STOI_REG(r1)","r1=R15;r2=R111;c1=int:1","benchmark_rexxcps_levelb_opt",29
514,2,2,1,4,over_3_symbols,"LOAD_REG_FLOAT(r1,c1) | LOAD_REG_INT(r2,c2)","r1=R10;c1=float@18176;r2=R24;c2=int:1","benchmark_rexxcps_levelb_opt",299
515,2,1,1,4,over_3_symbols,"LOAD_REG_INT(r1,c1) | BCTP_ID_REG(c2,r2)","r1=R43;c1=int:1;c2=label@1284;r2=R61","format",1381
516,2,1,1,2,candidate,"LOAD_REG_INT(r1,c1) | BTOI_REG(r1)","r1=R61;c1=int:0","format",1076
517,2,2,1,4,over_3_symbols,"LOAD_REG_INT(r1,c1) | IGT_REG_REG_REG(r2,r3,r1)","r1=R23;c1=int:2;r2=R22;r3=R24","benchmark_rexxcps_levelb_opt",369
518,2,1,1,4,over_3_symbols,"LOAD_REG_INT(r1,c1) | ILT_REG_REG_REG(r2,r1,r3)","r1=R7;c1=int:0;r2=R12;r3=R3","trace",16186
519,2,1,1,3,candidate,"LOAD_REG_INT(r1,c1) | RET_REG(r2)","r1=R44;c1=int:1;r2=R6","trace",18525
520,2,1,1,3,candidate,"LOAD_REG_INT(r1,c1) | SETTP_REG_INT(r1,c2)","r1=R8;c1=int:1;c2=int:0","pos",38
521,2,1,1,4,over_3_symbols,"LOAD_REG_INT(r1,c1) | STRCHAR_REG_REG_REG(r2,r3,r1)","r1=R41;c1=int:0;r2=R10;r3=R23","format",383
522,2,1,1,3,candidate,"LOAD_REG_STRING(r1,c1) | BR_ID(c2)","r1=R6;c1=string@1504304;c2=label@18519","trace",18346
523,2,1,1,4,over_3_symbols,"LOAD_REG_STRING(r1,c1) | REQ_REG_REG_STRING(r2,r3,c1)","r1=R6;c1=string@31136;r2=R12;r3=R2","trace",16248
524,2,1,1,4,over_3_symbols,"NULL_REG(r1) | ILT_REG_REG_INT(r2,r3,c1)","r1=R0;r2=R4;r3=R8;c1=int:1","pos",44
525,2,1,1,5,over_3_symbols,"POSCHAR_REG_REG_REG(r1,r2,r3) | BGE_ID_REG_INT(c1,r1,c2)","r1=R11;r2=R29;r3=R44;c1=label@326;c2=int:0","format",314
526,2,1,1,5,over_3_symbols,"POSCHAR_REG_REG_REG(r1,r2,r3) | IGTE_REG_REG_INT(r4,r1,c1)","r1=R11;r2=R29;r3=R22;r4=R48;c1=int:0","format",322
527,2,1,1,5,over_3_symbols,"POSCHAR_REG_REG_REG(r1,r2,r3) | ILT_REG_REG_INT(r4,r1,c1)","r1=R34;r2=R23;r3=R33;r4=R49;c1=int:0","format",437
528,2,1,1,3,candidate,"REQ_REG_REG_STRING(r1,r1,c1) | BRT_ID_REG(c2,r1)","r1=R21;c1=string@1505880;c2=label@16564","trace",16416
529,2,2,1,3,candidate,"SAPPEND_REG_REG(r1,r2) | SCONCAT_REG_REG_STRING(r1,r1,c1)","r1=R80;r2=R3;c1=string@107024","benchmark_rexxcps_levelb_opt",2552
530,2,2,1,2,candidate,"SCONCAT_REG_REG_STRING(r1,r1,c1) | SAY_REG(r1)","r1=R80;c1=string@107608","benchmark_rexxcps_levelb_opt",2592
531,2,2,1,3,candidate,"SCONCAT_REG_STRING_REG(r1,c1,r2) | SAY_REG(r1)","r1=R24;c1=string@16224;r2=R12","benchmark_rexxcps_levelb_opt",261
532,2,2,1,4,over_3_symbols,"SCONCAT_REG_STRING_REG(r1,c1,r2) | SCONCAT_REG_REG_STRING(r1,r1,c2)","r1=R80;c1=string@106592;r2=R4;c2=string@106736","benchmark_rexxcps_levelb_opt",2542
533,2,1,1,4,over_3_symbols,"SCOPY_REG_REG(r1,r2) | REQ_REG_REG_STRING(r3,r1,c1)","r1=R12;r2=R2;r3=R11;c1=string@31136","trace",16261
534,2,2,1,2,candidate,"SCOPY_REG_REG(r1,r2) | STOF_REG(r1)","r1=R22;r2=R19","benchmark_rexxcps_levelb_opt",346
535,2,1,1,4,over_3_symbols,"SEQ_REG_REG_STRING(r1,r2,c1) | BRT_ID_REG(c2,r1)","r1=R4;r2=R2;c1=string@31136;c2=label@67","pos",56
536,2,1,1,2,candidate,"SETNUMFUZ_INT(c1) | SETNUMCAS_INT(c2)","c1=int:0;c2=int:1","format",0
537,2,1,1,4,over_3_symbols,"SETTP_REG_INT(r1,c1) | BRTPANDT_ID_REG_INT(c2,r2,c1)","r1=R2;c1=int:256;c2=label@54;r2=R66","format",39
538,2,1,1,3,candidate,"SETTP_REG_INT(r1,c1) | NULL_REG(r2)","r1=R8;c1=int:0;r2=R0","pos",41
539,2,2,1,2,candidate,"STOF_REG(r1) | FADD_REG_REG_REG(r2,r1,r2)","r1=R22;r2=R5","benchmark_rexxcps_levelb_opt",349
540,2,1,1,4,over_3_symbols,"STRCHAR_REG_REG_REG(r1,r2,r3) | ICOPY_REG_REG(r4,r3)","r1=R36;r2=R20;r3=R41;r4=R38","format",832
541,2,1,1,5,over_3_symbols,"STRCHAR_REG_REG_REG(r1,r2,r3) | IEQ_REG_REG_REG(r4,r1,r5)","r1=R10;r2=R23;r3=R41;r4=R49;r5=R25","format",386
542,2,1,1,5,over_3_symbols,"STRLEN_REG_REG(r1,r2) | ISUB_REG_REG_INT(r3,r4,c1)","r1=R29;r2=R9;r3=R10;r4=R11;c1=int:1","trace",16862
543,2,1,1,3,candidate,"STRPOS_REG_REG_REG(r1,r2,r3) | RET_REG(r1)","r1=R0;r2=R2;r3=R1","pos",75
544,2,1,1,2,candidate,"STRUPPER_REG_REG(r1,r2) | SCOPY_REG_REG(r2,r1)","r1=R8;r2=R2","trace",16177
545,2,1,1,5,over_3_symbols,"SUBSTRING_REG_REG_REG(r1,r2,r3) | IADD_REG_REG_INT(r4,r3,c1)","r1=R5;r2=R23;r3=R34;r4=R41;c1=int:1","format",478
546,2,1,1,5,over_3_symbols,"SUBSTRING_REG_REG_REG(r1,r2,r3) | ICOPY_REG_REG(r4,r5)","r1=R0;r2=R23;r3=R1;r4=R6;r5=R34","format",503
547,2,1,1,4,over_3_symbols,"SWAP_REG_REG(r1,r2) | IEQ_REG_REG_INT(r3,r3,c1)","r1=R32;r2=R26;r3=R30;c1=int:0","trace",17004
548,2,1,1,4,over_3_symbols,"SWAP_REG_REG(r1,r2) | STRUPPER_REG_REG(r3,r4)","r1=R48;r2=R10;r3=R8;r4=R2","trace",16174
549,1,1,1,5,over_3_symbols,"APPENDCHAR_REG_REG(r1,r2) | ISUB_REG_REG_REG(r3,r4,r5)","r1=R57;r2=R50;r3=R61;r4=R49;r5=R56","format",960
550,1,1,1,4,over_3_symbols,"APPENDCHAR_REG_REG(r1,r2) | LOAD_REG_STRING(r3,c1)","r1=R0;r2=R33;r3=R60;c1=string@31136","format",1173
551,1,1,1,2,candidate,"APPEND_REG_REG(r1,r2) | ENDLIFE_REG(r2)","r1=R0;r2=R60","format",1189
552,1,1,1,3,candidate,"BCF_ID_REG(c1,r1) | BR_ID(c2)","c1=label@333;r1=R22;c2=label@328","benchmark_rexxcps_levelb_opt",328
553,1,1,1,4,over_3_symbols,"BCF_ID_REG(c1,r1) | LOAD_REG_STRING(r2,c2)","c1=label@2374;r1=R14;r2=R27;c2=string@29424","benchmark_rexxcps_levelb_opt",485
554,1,1,1,4,over_3_symbols,"BLT_ID_REG_INT(c1,r1,c2) | MINATTRS_REG_INT(r2,c2)","c1=label@40;r1=R14;c2=int:1;r2=R111","benchmark_rexxcps_levelb_opt",22
555,1,1,1,2,candidate,"BPOFF() | LOAD_REG_STRING(r1,c1)","r1=R80;c1=string@26848","benchmark_rexxcps_levelb_opt",2400
556,1,1,1,4,over_3_symbols,"BRF_ID_REG(c1,r1) | MINATTRS_REG_INT(r2,c2)","c1=label@65;r1=R14;r2=R111;c2=int:2","benchmark_rexxcps_levelb_opt",48
557,1,1,1,4,over_3_symbols,"BRT_ID_REG(c1,r1) | LOAD_REG_FLOAT(r2,c2)","c1=label@2538;r1=R22;r2=R6;c2=float@18176","benchmark_rexxcps_levelb_opt",376
558,1,1,1,2,candidate,"ENDLIFE_REG(r1) | BR_ID(c1)","r1=R38;c1=label@485","benchmark_rexxcps_levelb_opt",2370
559,1,1,1,3,candidate,"ENDLIFE_REG(r1) | FCOPY_REG_REG(r2,r3)","r1=R21;r2=R11;r3=R6","benchmark_rexxcps_levelb_opt",2471
560,1,1,1,2,candidate,"ENDLIFE_REG(r1) | ITOF_REG(r2)","r1=R24;r2=R3","benchmark_rexxcps_levelb_opt",358
561,1,1,1,4,over_3_symbols,"FADD_REG_REG_REG(r1,r2,r1) | BCTP_ID_REG(c1,r3)","r1=R5;r2=R22;c1=label@305;r3=R24","benchmark_rexxcps_levelb_opt",351
562,1,1,1,2,candidate,"FADD_REG_REG_REG(r1,r2,r1) | BPOFF()","r1=R6;r2=R80","benchmark_rexxcps_levelb_opt",2396
563,1,1,1,4,over_3_symbols,"FCOPY_REG_REG(r1,r2) | FGT_REG_REG_FLOAT(r3,r1,c1)","r1=R11;r2=R6;r3=R80;c1=float@104016","benchmark_rexxcps_levelb_opt",2473
564,1,1,1,3,candidate,"FDIV_REG_FLOAT_REG(r1,c1,r2) | FTOD_REG(r1)","r1=R102;c1=float@119544;r2=R10","benchmark_rexxcps_levelb_opt",2806
565,1,1,1,4,over_3_symbols,"FDIV_REG_REG_REG(r1,r1,r2) | LOAD_REG_INT(r3,c1)","r1=R5;r2=R3;r3=R24;c1=int:1","benchmark_rexxcps_levelb_opt",362
566,1,1,1,5,over_3_symbols,"FDIV_REG_REG_REG(r1,r2,r3) | FSUB_REG_REG_REG(r4,r1,r5)","r1=R80;r2=R11;r3=R3;r4=R7;r5=R5","benchmark_rexxcps_levelb_opt",2600
567,1,1,1,4,over_3_symbols,"FDIV_REG_REG_REG(r1,r2,r3) | NULL_REG(r4)","r1=R10;r2=R7;r3=R4;r4=R76","benchmark_rexxcps_levelb_opt",2610
568,1,1,1,4,over_3_symbols,"FGT_REG_REG_FLOAT(r1,r2,c1) | BRT_ID_REG(c2,r1)","r1=R80;r2=R11;c1=float@104016;c2=label@2487","benchmark_rexxcps_levelb_opt",2476
569,1,1,1,4,over_3_symbols,"FSUB_REG_REG_REG(r1,r2,r3) | ITOF_REG(r4)","r1=R7;r2=R80;r3=R5;r4=R4","benchmark_rexxcps_levelb_opt",2604
570,1,1,1,5,over_3_symbols,"GETATTRS_REG_REG_INT(r1,r2,c1) | BLT_ID_REG_INT(c2,r1,c3)","r1=R14;r2=R111;c1=int:0;c2=label@40;c3=int:1","benchmark_rexxcps_levelb_opt",18
571,1,1,1,4,over_3_symbols,"GETATTRS_REG_REG_INT(r1,r2,c1) | IGTE_REG_REG_INT(r1,r1,c2)","r1=R14;r2=R111;c1=int:0;c2=int:2","benchmark_rexxcps_levelb_opt",40
572,1,1,1,3,candidate,"IADD_REG_REG_INT(r1,r1,c1) | APPENDCHAR_REG_REG(r2,r1)","r1=R50;c1=int:1;r2=R57","format",956
573,1,1,1,3,candidate,"ICOPY_REG_REG(r1,r2) | SETSTRPOS_REG_REG(r3,r1)","r1=R41;r2=R32;r3=R20","format",1179
574,1,1,1,3,candidate,"IGTE_REG_REG_INT(r1,r1,c1) | BRF_ID_REG(c2,r1)","r1=R14;c1=int:2;c2=label@65","benchmark_rexxcps_levelb_opt",44
575,1,1,1,5,over_3_symbols,"ISUB_REG_REG_INT(r1,r2,c1) | IGTE_REG_REG_INT(r3,r1,c2)","r1=R56;r2=R49;c1=int:1;r3=R60;c2=int:0","format",890
576,1,1,1,5,over_3_symbols,"ISUB_REG_REG_REG(r1,r2,r3) | ISUB_REG_REG_INT(r4,r1,c1)","r1=R61;r2=R49;r3=R56;r4=R55;c1=int:1","format",963
577,1,1,1,2,candidate,"ITOF_REG(r1) | FDIV_REG_REG_REG(r2,r2,r1)","r1=R3;r2=R5","benchmark_rexxcps_levelb_opt",360
578,1,1,1,2,candidate,"ITOS_REG(r1) | SAPPEND_REG_REG(r2,r1)","r1=R3;r2=R80","benchmark_rexxcps_levelb_opt",2550
579,1,1,1,3,candidate,"ITOS_REG(r1) | SCONCAT_REG_STRING_REG(r2,c1,r1)","r1=R4;r2=R80;c1=string@106592","benchmark_rexxcps_levelb_opt",2540
580,1,1,1,4,over_3_symbols,"LOAD_REG_INT(r1,c1) | LINKATTR1_REG_REG_INT(r2,r3,c1)","r1=R0;c1=int:1;r2=R2;r3=R1","trace",15449
581,1,1,1,2,candidate,"LOAD_REG_INT(r1,c1) | RET()","r1=R30;c1=int:1","trace",16116
582,1,1,1,4,over_3_symbols,"LOAD_REG_STRING(r1,c1) | ICOPY_REG_REG(r2,r3)","r1=R60;c1=string@31136;r2=R41;r3=R32","format",1176
583,1,1,1,3,candidate,"LOAD_REG_STRING(r1,c1) | LOAD_REG_STRING(r1,c2)","r1=R27;c1=string@29424;c2=string@70048","benchmark_rexxcps_levelb_opt",1433
584,1,1,1,1,candidate,"NULL_REG(r1) | RXVERS_REG(r1)","r1=R16","benchmark_rexxcps_levelb_opt",100
585,1,1,1,2,candidate,"RXVERS_REG(r1) | COPY_REG_REG(r2,r1)","r1=R16;r2=R12","benchmark_rexxcps_levelb_opt",102
586,1,1,1,2,candidate,"SAY_REG(r1) | ITOF_REG(r2)","r1=R80;r2=R3","benchmark_rexxcps_levelb_opt",2596
587,1,1,1,2,candidate,"SAY_REG(r1) | LOAD_REG_INT(r1,c1)","r1=R24;c1=int:0","benchmark_rexxcps_levelb_opt",271
588,1,1,1,2,candidate,"SAY_REG(r1) | SAY_STRING(c1)","r1=R106;c1=string@520","benchmark_rexxcps_levelb_opt",2842
589,1,1,1,3,candidate,"SAY_REG(r1) | SCONCAT_REG_STRING_REG(r1,c1,r2)","r1=R24;c1=string@16592;r2=R9","benchmark_rexxcps_levelb_opt",265
590,1,1,1,4,over_3_symbols,"SAY_STRING(c1) | FDIV_REG_FLOAT_REG(r1,c2,r2)","c1=string@520;r1=R102;c2=float@119544;r2=R10","benchmark_rexxcps_levelb_opt",2804
591,1,1,1,2,candidate,"SAY_STRING(c1) | RET_INT(c2)","c1=string@120320;c2=int:0","benchmark_rexxcps_levelb_opt",2846
592,1,1,1,2,candidate,"SAY_STRING(c1) | SAY_STRING(c2)","c1=string@520;c2=string@120320","benchmark_rexxcps_levelb_opt",2844
593,1,1,1,4,over_3_symbols,"SAY_STRING(c1) | SCONCAT_REG_STRING_REG(r1,c2,r2)","c1=string@15888;r1=R24;c2=string@16224;r2=R12","benchmark_rexxcps_levelb_opt",259
594,1,1,1,3,candidate,"SCONCAT_REG_REG_STRING(r1,r1,c1) | FTOD_REG(r2)","r1=R80;c1=string@107024;r2=R11","benchmark_rexxcps_levelb_opt",2555
595,1,1,1,3,candidate,"SCONCAT_REG_REG_STRING(r1,r1,c1) | ITOS_REG(r2)","r1=R80;c1=string@106736;r2=R3","benchmark_rexxcps_levelb_opt",2546
596,1,1,1,3,candidate,"SCOPY_REG_REG(r1,r2) | SAY_STRING(c1)","r1=R9;r2=R23;c1=string@15888","benchmark_rexxcps_levelb_opt",256
597,1,1,1,4,over_3_symbols,"SETOBJTYPE_REG_STRING(r1,c1) | LOAD_REG_STRING(r2,c2)","r1=R1;c1=string@1277816;r2=R2;c2=string@1502656","trace",15434
598,1,1,1,4,over_3_symbols,"STRLEN_REG_REG(r1,r2) | BRF_ID_REG(c1,r3)","r1=R21;r2=R20;c1=label@1076;r3=R40","format",1003
599,1,1,1,4,over_3_symbols,"STRLEN_REG_REG(r1,r2) | ISUB_REG_REG_INT(r3,r1,c1)","r1=R49;r2=R48;r3=R56;c1=int:1","format",887
600,1,1,1,4,over_3_symbols,"SUBSTRING_REG_REG_REG(r1,r2,r3) | APPEND_REG_REG(r4,r1)","r1=R60;r2=R20;r3=R2;r4=R0","format",1185
601,1,1,1,5,over_3_symbols,"SUBSTRING_REG_REG_REG(r1,r2,r3) | IADD_REG_REG_INT(r4,r4,c1)","r1=R57;r2=R48;r3=R56;r4=R50;c1=int:1","format",952
602,1,1,1,4,over_3_symbols,"SWAP_REG_REG(r1,r2) | SAPPEND_REG_REG(r3,r4)","r1=R11;r2=R73;r3=R80;r4=R71","benchmark_rexxcps_levelb_opt",2586
603,1,1,1,4,over_3_symbols,"UNLINK_REG(r1) | BGE_ID_REG_INT(c1,r2,c2)","r1=R13;c1=label@81;r2=R4;c2=int:1","benchmark_rexxcps_levelb_opt",63
604,1,1,1,4,over_3_symbols,"UNLINK_REG(r1) | GETATTRS_REG_REG_INT(r2,r3,c1)","r1=R15;r2=R14;r3=R111;c1=int:0","benchmark_rexxcps_levelb_opt",38
